game_id,country_code,draw_date,draw_number,main_1,main_2,main_3,main_4,main_5,main_6,main_7,bonus_1,bonus_2
jp_loto7,JP,2026-10-02,500,1,6,12,23,28,32,36,31,34
jp_loto7,JP,2026-09-25,499,10,11,15,16,23,24,34,14,35
jp_loto7,JP,2026-09-18,498,5,6,11,16,22,24,34,15,18
jp_loto7,JP,2026-09-11,497,3,13,24,26,30,31,36,23,34
jp_loto7,JP,2026-09-04,496,16,17,22,23,25,33,35,13,31
jp_loto7,JP,2026-08-28,495,7,9,15,18,20,28,31,21,34
jp_loto7,JP,2026-08-21,494,8,10,20,22,23,27,37,2,9
jp_loto7,JP,2026-08-14,493,3,10,14,17,18,20,25,19,34
jp_loto7,JP,2026-08-07,492,4,18,23,24,32,33,35,29,36
jp_loto7,JP,2026-07-31,491,4,21,25,28,30,35,37,12,16
jp_loto7,JP,2026-07-24,490,15,22,23,24,25,29,36,35,37
jp_loto7,JP,2026-07-17,489,1,3,16,18,32,34,35,2,15
jp_loto7,JP,2026-07-10,488,1,5,16,20,21,22,31,23,36
jp_loto7,JP,2026-07-03,487,8,14,17,19,20,32,36,21,25
jp_loto7,JP,2026-06-26,486,11,21,22,25,28,29,36,8,32
jp_loto7,JP,2026-06-19,485,11,14,17,23,28,30,36,12,20
jp_loto7,JP,2026-06-12,484,1,10,12,13,19,33,35,14,37
jp_loto7,JP,2026-06-05,483,9,10,22,26,27,31,36,20,29
jp_loto7,JP,2026-05-29,482,6,8,9,18,22,24,35,4,20
jp_loto7,JP,2026-05-22,481,2,6,12,15,24,26,34,18,20
jp_loto7,JP,2026-05-15,480,5,6,7,8,15,17,19,1,33
jp_loto7,JP,2026-05-08,479,2,6,15,19,20,22,27,31,33
jp_loto7,JP,2026-05-01,478,5,8,16,18,24,28,31,6,23
jp_loto7,JP,2026-04-24,477,1,6,7,9,12,22,26,8,14
jp_loto7,JP,2026-04-17,476,6,9,10,12,16,24,32,17,19
jp_loto7,JP,2026-04-10,475,7,11,15,16,17,24,33,6,9
jp_loto7,JP,2026-04-03,474,7,13,16,22,28,33,36,2,25
jp_loto7,JP,2026-03-27,473,3,4,9,10,18,21,37,15,23
jp_loto7,JP,2026-03-20,472,3,5,6,7,9,13,16,11,23
jp_loto7,JP,2026-03-13,471,1,8,11,14,18,22,29,19,35
jp_loto7,JP,2026-03-06,470,9,13,20,22,28,29,33,21,23
jp_loto7,JP,2026-02-27,469,2,17,18,22,23,25,33,16,34
jp_loto7,JP,2026-02-20,468,6,8,14,19,22,25,35,12,17
jp_loto7,JP,2026-02-13,467,3,6,8,14,21,22,31,17,37
jp_loto7,JP,2026-02-06,466,4,6,10,11,13,17,23,25,32
jp_loto7,JP,2026-01-30,465,4,14,15,21,22,24,37,5,20
jp_loto7,JP,2026-01-23,464,7,12,17,22,31,34,35,20,32
jp_loto7,JP,2026-01-16,463,4,6,12,13,16,17,31,14,20
jp_loto7,JP,2026-01-09,462,2,8,9,14,27,34,36,5,18
jp_loto7,JP,2025-12-26,461,10,12,16,18,19,22,37,11,20
jp_loto7,JP,2025-12-19,460,9,11,16,23,27,29,32,6,24
jp_loto7,JP,2025-12-12,459,1,4,6,20,30,34,37,14,25
jp_loto7,JP,2025-12-05,458,4,5,12,13,24,26,33,3,14
jp_loto7,JP,2025-11-28,457,3,12,25,29,30,32,33,28,31
jp_loto7,JP,2025-11-21,456,6,7,12,25,26,30,33,13,15
jp_loto7,JP,2025-11-14,455,1,16,21,26,27,30,35,6,37
jp_loto7,JP,2025-11-07,454,2,13,19,20,24,26,35,29,36
jp_loto7,JP,2025-10-31,453,1,8,10,14,25,33,35,12,21
jp_loto7,JP,2025-10-24,452,12,22,23,26,33,35,37,2,21
jp_loto7,JP,2025-10-17,451,3,17,19,24,28,29,35,7,13
jp_loto7,JP,2025-10-10,450,4,5,9,13,17,22,28,18,31
jp_loto7,JP,2025-10-03,449,5,12,13,15,18,35,37,11,29
jp_loto7,JP,2025-09-26,448,7,10,16,20,26,32,35,24,33
jp_loto7,JP,2025-09-19,447,1,11,12,14,20,26,29,2,5
jp_loto7,JP,2025-09-12,446,1,5,15,16,18,27,34,19,22
jp_loto7,JP,2025-09-05,445,1,7,22,23,33,34,35,2,24
jp_loto7,JP,2025-08-29,444,1,3,7,23,24,33,36,17,30
jp_loto7,JP,2025-08-22,443,2,7,9,12,13,14,29,15,30
jp_loto7,JP,2025-08-15,442,5,9,12,15,30,31,34,13,29
jp_loto7,JP,2025-08-08,441,1,6,18,19,35,36,37,11,24
jp_loto7,JP,2025-08-01,440,1,4,7,8,9,20,21,11,30
jp_loto7,JP,2025-07-25,439,10,14,17,20,26,27,29,3,11
jp_loto7,JP,2025-07-18,438,10,12,20,29,30,31,34,4,15
jp_loto7,JP,2025-07-11,437,2,12,18,29,32,36,37,5,21
jp_loto7,JP,2025-07-04,436,2,5,10,17,21,31,36,20,32
jp_loto7,JP,2025-06-27,435,5,7,10,11,29,31,37,13,25
jp_loto7,JP,2025-06-20,434,2,3,6,17,33,35,36,25,37
jp_loto7,JP,2025-06-13,433,4,6,8,23,28,29,34,10,19
jp_loto7,JP,2025-06-06,432,2,7,9,21,23,24,30,22,29
jp_loto7,JP,2025-05-30,431,1,8,9,11,18,27,35,16,34
jp_loto7,JP,2025-05-23,430,9,15,21,30,33,34,37,10,35
jp_loto7,JP,2025-05-16,429,1,3,7,12,17,32,34,14,30
jp_loto7,JP,2025-05-09,428,3,10,12,18,19,24,32,4,15
jp_loto7,JP,2025-05-02,427,2,14,15,26,27,34,36,9,24
jp_loto7,JP,2025-04-25,426,9,12,22,26,28,31,37,7,30
jp_loto7,JP,2025-04-18,425,1,10,28,29,30,33,34,21,27
jp_loto7,JP,2025-04-11,424,1,2,12,13,14,30,36,9,24
jp_loto7,JP,2025-04-04,423,2,4,8,10,12,29,32,6,13
jp_loto7,JP,2025-03-28,422,8,9,18,20,27,29,32,7,12
jp_loto7,JP,2025-03-21,421,7,17,20,23,24,34,36,25,35
jp_loto7,JP,2025-03-14,420,2,6,10,12,25,28,35,27,31
jp_loto7,JP,2025-03-07,419,7,15,20,28,29,34,36,1,35
jp_loto7,JP,2025-02-28,418,4,11,21,26,27,28,33,10,13
jp_loto7,JP,2025-02-21,417,14,21,22,23,24,28,34,5,37
jp_loto7,JP,2025-02-14,416,3,5,6,10,19,21,35,13,27
jp_loto7,JP,2025-02-07,415,5,13,16,23,27,31,34,26,33
jp_loto7,JP,2025-01-31,414,7,8,11,18,20,30,34,5,14
jp_loto7,JP,2025-01-24,413,1,8,9,23,24,31,36,21,28
jp_loto7,JP,2025-01-17,412,4,11,12,23,26,32,37,1,9
jp_loto7,JP,2025-01-10,411,7,10,11,18,20,29,30,32,36
jp_loto7,JP,2024-12-27,410,12,14,20,27,31,34,37,19,21
jp_loto7,JP,2024-12-20,409,9,17,18,20,22,27,36,25,37
jp_loto7,JP,2024-12-13,408,2,8,15,26,28,31,32,19,24
jp_loto7,JP,2024-12-06,407,4,6,9,12,25,31,36,27,30
jp_loto7,JP,2024-11-29,406,4,9,10,23,28,30,34,18,31
jp_loto7,JP,2024-11-22,405,7,15,18,24,29,31,34,5,25
jp_loto7,JP,2024-11-15,404,4,8,18,20,29,35,37,19,34
jp_loto7,JP,2024-11-08,403,1,2,12,16,19,29,32,9,37
jp_loto7,JP,2024-11-01,402,4,7,16,19,26,31,33,25,29
jp_loto7,JP,2024-10-25,401,1,4,7,11,12,18,26,3,33
jp_loto7,JP,2024-10-18,400,2,4,14,15,22,27,34,1,5
jp_loto7,JP,2024-10-11,399,1,9,16,19,23,29,32,5,37
jp_loto7,JP,2024-10-04,398,14,15,16,19,25,28,33,6,29
jp_loto7,JP,2024-09-27,397,5,12,21,25,27,34,36,10,32
jp_loto7,JP,2024-09-20,396,3,8,9,14,15,22,32,1,12
jp_loto7,JP,2024-09-13,395,3,8,11,15,19,24,32,14,30
jp_loto7,JP,2024-09-06,394,4,7,8,11,21,23,35,10,24
jp_loto7,JP,2024-08-30,393,1,3,9,10,15,25,35,19,28
jp_loto7,JP,2024-08-23,392,1,6,8,9,14,29,33,5,23
jp_loto7,JP,2024-08-16,391,3,5,9,13,15,21,31,12,17
jp_loto7,JP,2024-08-09,390,15,18,21,22,23,25,32,1,30
jp_loto7,JP,2024-08-02,389,1,2,4,14,15,22,23,13,36
jp_loto7,JP,2024-07-26,388,6,11,13,14,16,27,34,12,25
jp_loto7,JP,2024-07-19,387,10,11,12,17,23,30,36,20,21
jp_loto7,JP,2024-07-12,386,1,5,8,9,20,30,37,11,26
jp_loto7,JP,2024-07-05,385,5,7,22,29,30,32,36,3,33
jp_loto7,JP,2024-06-28,384,3,8,10,15,18,23,37,17,24
jp_loto7,JP,2024-06-21,383,4,13,14,15,17,27,33,2,11
jp_loto7,JP,2024-06-14,382,7,19,23,33,34,35,36,5,10
jp_loto7,JP,2024-06-07,381,2,15,19,20,22,31,36,13,23
jp_loto7,JP,2024-05-31,380,11,13,19,25,29,36,37,18,30
jp_loto7,JP,2024-05-24,379,11,13,14,18,19,23,31,7,27
jp_loto7,JP,2024-05-17,378,2,12,18,20,25,28,30,9,23
jp_loto7,JP,2024-05-10,377,4,5,13,16,22,23,35,36,37
jp_loto7,JP,2024-05-03,376,11,12,18,19,23,26,31,15,25
jp_loto7,JP,2024-04-26,375,1,2,4,19,21,26,28,3,25
jp_loto7,JP,2024-04-19,374,13,26,27,29,30,34,37,2,23
jp_loto7,JP,2024-04-12,373,1,3,9,12,25,26,35,29,31
jp_loto7,JP,2024-04-05,372,12,15,17,22,30,34,35,5,9
jp_loto7,JP,2024-03-29,371,8,18,20,29,30,33,34,5,23
jp_loto7,JP,2024-03-22,370,6,8,16,18,19,34,37,15,30
jp_loto7,JP,2024-03-15,369,3,5,18,25,28,35,37,7,8
jp_loto7,JP,2024-03-08,368,3,6,9,11,19,30,36,1,33
jp_loto7,JP,2024-03-01,367,9,13,15,18,22,24,30,6,27
jp_loto7,JP,2024-02-23,366,1,4,6,14,16,19,31,12,18
jp_loto7,JP,2024-02-16,365,2,14,15,20,28,30,34,3,4
jp_loto7,JP,2024-02-09,364,6,8,19,20,27,32,37,13,33
jp_loto7,JP,2024-02-02,363,3,20,29,32,33,34,35,2,24
jp_loto7,JP,2024-01-26,362,3,4,10,13,15,18,22,2,16
jp_loto7,JP,2024-01-19,361,15,20,21,22,23,26,34,6,10
jp_loto7,JP,2024-01-12,360,3,5,7,10,17,18,35,2,21
jp_loto7,JP,2024-01-05,359,17,20,26,28,29,33,35,1,6
jp_loto7,JP,2023-12-29,358,9,12,17,19,26,32,34,11,22
jp_loto7,JP,2023-12-22,357,4,10,15,17,29,32,36,13,30
jp_loto7,JP,2023-12-15,356,2,6,13,15,16,20,33,9,28
jp_loto7,JP,2023-12-08,355,7,11,12,16,18,33,34,1,14
jp_loto7,JP,2023-12-01,354,15,16,17,22,29,32,37,23,24
jp_loto7,JP,2023-11-24,353,7,8,13,22,24,29,30,10,35
jp_loto7,JP,2023-11-17,352,13,19,20,28,33,34,35,4,32
jp_loto7,JP,2023-11-10,351,1,13,16,17,18,25,30,20,34
jp_loto7,JP,2023-11-03,350,4,11,14,18,23,25,29,17,32
jp_loto7,JP,2023-10-27,349,7,14,17,28,33,35,36,13,27
jp_loto7,JP,2023-10-20,348,3,12,16,17,27,30,34,15,37
jp_loto7,JP,2023-10-13,347,10,11,18,21,22,29,34,4,32
jp_loto7,JP,2023-10-06,346,2,11,13,18,23,24,36,17,26
jp_loto7,JP,2023-09-29,345,2,9,26,31,33,35,36,15,20
jp_loto7,JP,2023-09-22,344,6,14,23,25,27,28,34,19,37
jp_loto7,JP,2023-09-15,343,3,7,10,18,19,28,36,13,26
jp_loto7,JP,2023-09-08,342,4,6,8,18,20,27,35,24,26
jp_loto7,JP,2023-09-01,341,1,2,11,12,16,25,28,6,22
jp_loto7,JP,2023-08-25,340,2,3,9,13,14,35,37,4,17
jp_loto7,JP,2023-08-18,339,8,12,16,17,22,28,34,9,37
jp_loto7,JP,2023-08-11,338,5,11,12,19,29,32,36,9,26
jp_loto7,JP,2023-08-04,337,10,17,18,19,20,24,25,30,32
jp_loto7,JP,2023-07-28,336,2,4,9,11,14,25,37,29,32
jp_loto7,JP,2023-07-21,335,4,9,13,18,26,28,36,8,16
jp_loto7,JP,2023-07-14,334,4,6,9,11,14,28,30,10,12
jp_loto7,JP,2023-07-07,333,1,11,13,28,29,30,34,23,27
jp_loto7,JP,2023-06-30,332,7,9,13,14,22,26,29,10,21
jp_loto7,JP,2023-06-23,331,5,7,10,19,30,32,33,1,17
jp_loto7,JP,2023-06-16,330,4,8,12,25,27,32,34,15,17
jp_loto7,JP,2023-06-09,329,4,13,17,19,20,26,29,2,28
jp_loto7,JP,2023-06-02,328,11,14,17,18,21,25,31,1,27
jp_loto7,JP,2023-05-26,327,4,17,22,27,29,31,34,3,37
jp_loto7,JP,2023-05-19,326,3,17,19,27,28,32,35,2,34
jp_loto7,JP,2023-05-12,325,1,10,12,19,22,25,37,2,34
jp_loto7,JP,2023-05-05,324,21,24,25,27,30,33,36,3,31
jp_loto7,JP,2023-04-28,323,9,22,25,28,33,34,37,15,16
jp_loto7,JP,2023-04-21,322,1,2,8,14,17,21,34,20,26
jp_loto7,JP,2023-04-14,321,5,8,11,24,30,32,36,4,35
jp_loto7,JP,2023-04-07,320,3,6,10,16,26,29,31,7,24
jp_loto7,JP,2023-03-31,319,7,12,15,16,18,25,36,9,19
jp_loto7,JP,2023-03-24,318,3,15,17,22,26,27,28,6,8
jp_loto7,JP,2023-03-17,317,1,5,10,17,20,27,37,3,22
jp_loto7,JP,2023-03-10,316,1,4,10,13,15,19,37,16,20
jp_loto7,JP,2023-03-03,315,5,7,17,22,25,26,28,3,23
jp_loto7,JP,2023-02-24,314,1,9,14,24,28,36,37,16,31
jp_loto7,JP,2023-02-17,313,3,5,9,11,17,33,37,4,22
jp_loto7,JP,2023-02-10,312,10,14,22,26,27,32,33,20,37
jp_loto7,JP,2023-02-03,311,1,5,6,9,16,26,31,25,33
jp_loto7,JP,2023-01-27,310,4,19,25,26,30,32,36,1,15
jp_loto7,JP,2023-01-20,309,8,14,19,22,29,31,37,3,21
jp_loto7,JP,2023-01-13,308,9,10,12,15,16,28,36,1,23
jp_loto7,JP,2023-01-06,307,1,3,4,5,6,29,31,11,14
jp_loto7,JP,2022-12-30,306,5,7,8,13,23,26,33,31,37
jp_loto7,JP,2022-12-23,305,1,2,12,17,21,22,33,4,30
jp_loto7,JP,2022-12-16,304,1,2,4,7,12,14,31,30,33
jp_loto7,JP,2022-12-09,303,17,18,24,30,31,32,35,6,36
jp_loto7,JP,2022-12-02,302,5,9,14,18,27,32,34,6,12
jp_loto7,JP,2022-11-25,301,6,8,12,20,21,24,29,4,18
jp_loto7,JP,2022-11-18,300,18,20,24,26,27,30,33,17,19
jp_loto7,JP,2022-11-11,299,5,8,15,18,25,27,36,10,26
jp_loto7,JP,2022-11-04,298,2,16,19,20,22,33,36,6,32
jp_loto7,JP,2022-10-28,297,7,9,12,22,28,29,32,17,19
jp_loto7,JP,2022-10-21,296,5,13,14,20,21,25,31,9,36
jp_loto7,JP,2022-10-14,295,7,10,12,15,23,31,37,9,18
jp_loto7,JP,2022-10-07,294,3,14,17,21,22,32,35,6,30
jp_loto7,JP,2022-09-30,293,12,14,18,21,23,29,37,7,15
jp_loto7,JP,2022-09-23,292,3,6,7,15,25,29,31,8,14
jp_loto7,JP,2022-09-16,291,3,13,16,18,19,20,35,2,11
jp_loto7,JP,2022-09-09,290,9,10,13,15,26,34,37,22,36
jp_loto7,JP,2022-09-02,289,8,13,15,23,24,31,35,14,19
jp_loto7,JP,2022-08-26,288,4,6,17,20,22,24,26,8,9
jp_loto7,JP,2022-08-19,287,1,4,6,9,13,22,31,29,30
jp_loto7,JP,2022-08-12,286,2,11,20,23,25,36,37,29,34
jp_loto7,JP,2022-08-05,285,2,5,14,15,17,19,36,8,34
jp_loto7,JP,2022-07-29,284,1,10,13,14,16,25,27,5,21
jp_loto7,JP,2022-07-22,283,10,13,19,21,26,30,36,22,34
jp_loto7,JP,2022-07-15,282,8,11,13,18,24,30,31,21,23
jp_loto7,JP,2022-07-08,281,6,8,11,13,16,20,32,12,34
jp_loto7,JP,2022-07-01,280,2,5,9,19,25,32,37,7,29
jp_loto7,JP,2022-06-24,279,4,7,9,15,22,24,31,21,37
jp_loto7,JP,2022-06-17,278,1,2,22,24,26,31,37,12,19
jp_loto7,JP,2022-06-10,277,3,17,19,21,24,32,34,27,28
jp_loto7,JP,2022-06-03,276,6,11,21,24,28,33,37,8,27
jp_loto7,JP,2022-05-27,275,5,7,8,32,33,34,36,4,6
jp_loto7,JP,2022-05-20,274,3,5,7,8,11,19,34,17,32
jp_loto7,JP,2022-05-13,273,2,3,9,16,27,32,36,1,34
jp_loto7,JP,2022-05-06,272,1,6,8,13,16,30,33,23,28
jp_loto7,JP,2022-04-29,271,3,12,15,16,25,29,37,26,28
jp_loto7,JP,2022-04-22,270,7,8,11,13,14,26,30,31,34
jp_loto7,JP,2022-04-15,269,5,6,8,14,15,25,29,18,33
jp_loto7,JP,2022-04-08,268,1,4,5,13,27,31,35,15,22
jp_loto7,JP,2022-04-01,267,7,8,13,17,30,32,36,1,10
jp_loto7,JP,2022-03-25,266,3,7,13,16,19,24,30,6,10
jp_loto7,JP,2022-03-18,265,7,11,24,27,29,34,35,4,18
jp_loto7,JP,2022-03-11,264,2,13,19,22,32,35,37,14,33
jp_loto7,JP,2022-03-04,263,5,6,9,23,27,28,30,4,13
jp_loto7,JP,2022-02-25,262,2,4,7,8,10,20,29,14,33
jp_loto7,JP,2022-02-18,261,7,11,12,14,19,21,33,6,37
jp_loto7,JP,2022-02-11,260,7,14,19,27,31,35,36,9,33
jp_loto7,JP,2022-02-04,259,9,15,17,18,22,25,31,33,36
jp_loto7,JP,2022-01-28,258,1,5,8,15,18,26,36,33,34
jp_loto7,JP,2022-01-21,257,8,17,21,26,27,29,31,1,33
jp_loto7,JP,2022-01-14,256,2,8,10,21,24,26,35,9,13
jp_loto7,JP,2022-01-07,255,5,17,20,21,31,34,35,8,27
jp_loto7,JP,2021-12-24,254,2,15,22,25,28,33,37,10,17
jp_loto7,JP,2021-12-17,253,2,7,12,15,21,23,30,9,31
jp_loto7,JP,2021-12-10,252,2,21,26,27,32,33,34,8,9
jp_loto7,JP,2021-12-03,251,7,21,24,29,32,36,37,22,27
jp_loto7,JP,2021-11-26,250,3,5,8,13,26,30,37,25,28
jp_loto7,JP,2021-11-19,249,1,7,9,12,15,29,32,11,28
jp_loto7,JP,2021-11-12,248,4,22,25,27,28,30,33,2,3
jp_loto7,JP,2021-11-05,247,11,15,16,17,18,27,29,25,33
jp_loto7,JP,2021-10-29,246,1,5,8,26,28,32,36,23,24
jp_loto7,JP,2021-10-22,245,6,13,14,16,19,30,32,25,36
jp_loto7,JP,2021-10-15,244,15,21,22,23,27,28,37,8,25
jp_loto7,JP,2021-10-08,243,5,10,17,18,19,22,32,14,35
jp_loto7,JP,2021-10-01,242,1,3,6,9,26,29,31,14,18
jp_loto7,JP,2021-09-24,241,4,13,16,21,32,34,37,27,33
jp_loto7,JP,2021-09-17,240,8,10,14,15,23,25,26,1,11
jp_loto7,JP,2021-09-10,239,5,6,21,22,26,31,32,18,36
jp_loto7,JP,2021-09-03,238,3,5,7,11,15,17,25,13,32
jp_loto7,JP,2021-08-27,237,10,11,12,17,29,34,37,26,30
jp_loto7,JP,2021-08-20,236,14,17,20,25,32,33,36,10,34
jp_loto7,JP,2021-08-13,235,5,10,13,24,29,30,35,21,31
jp_loto7,JP,2021-08-06,234,7,11,12,17,19,20,26,2,3
jp_loto7,JP,2021-07-30,233,2,12,17,24,28,30,32,3,27
jp_loto7,JP,2021-07-23,232,6,11,14,27,30,32,35,18,24
jp_loto7,JP,2021-07-16,231,3,6,16,22,31,34,35,24,32
jp_loto7,JP,2021-07-09,230,11,13,26,27,31,33,37,9,18
jp_loto7,JP,2021-07-02,229,1,2,6,8,30,31,33,13,35
jp_loto7,JP,2021-06-25,228,2,9,14,20,22,34,35,7,24
jp_loto7,JP,2021-06-18,227,5,6,12,19,25,30,35,26,33
jp_loto7,JP,2021-06-11,226,1,7,9,11,29,31,32,2,6
jp_loto7,JP,2021-06-04,225,1,9,21,23,30,35,36,5,6
jp_loto7,JP,2021-05-28,224,9,15,18,26,28,32,37,21,36
jp_loto7,JP,2021-05-21,223,4,5,11,13,24,32,34,2,3
jp_loto7,JP,2021-05-14,222,3,11,14,21,26,29,34,22,33
jp_loto7,JP,2021-05-07,221,10,13,17,18,22,28,37,1,20
jp_loto7,JP,2021-04-30,220,4,5,13,18,23,27,32,9,11
jp_loto7,JP,2021-04-23,219,8,9,10,15,16,30,31,29,36
jp_loto7,JP,2021-04-16,218,4,8,12,13,23,32,37,16,35
jp_loto7,JP,2021-04-09,217,3,8,16,21,25,36,37,14,20
jp_loto7,JP,2021-04-02,216,3,10,16,18,19,34,35,27,36
jp_loto7,JP,2021-03-26,215,14,20,22,29,31,33,34,15,24
jp_loto7,JP,2021-03-19,214,4,11,12,21,23,27,36,9,14
jp_loto7,JP,2021-03-12,213,1,2,18,21,26,29,37,9,36
jp_loto7,JP,2021-03-05,212,13,15,16,24,30,31,37,12,33
jp_loto7,JP,2021-02-26,211,16,18,19,21,29,30,35,14,28
jp_loto7,JP,2021-02-19,210,19,21,25,26,28,30,31,9,16
jp_loto7,JP,2021-02-12,209,1,2,5,16,18,21,29,24,25
jp_loto7,JP,2021-02-05,208,3,10,16,17,24,32,36,11,29
jp_loto7,JP,2021-01-29,207,4,8,13,16,25,30,32,9,26
jp_loto7,JP,2021-01-22,206,2,6,8,12,19,20,29,5,26
jp_loto7,JP,2021-01-15,205,7,9,12,17,20,26,29,4,13
jp_loto7,JP,2021-01-08,204,4,5,9,14,18,30,35,1,33
jp_loto7,JP,2020-12-25,203,4,17,22,28,30,31,35,25,34
jp_loto7,JP,2020-12-18,202,7,15,19,20,21,33,36,4,10
jp_loto7,JP,2020-12-11,201,3,4,10,17,20,22,33,1,6
jp_loto7,JP,2020-12-04,200,4,12,13,15,21,28,37,7,20
jp_loto7,JP,2020-11-27,199,2,3,5,8,16,20,34,26,31
jp_loto7,JP,2020-11-20,198,1,2,5,20,26,29,32,8,9
jp_loto7,JP,2020-11-13,197,6,10,22,23,27,32,33,8,19
jp_loto7,JP,2020-11-06,196,7,14,15,22,27,30,31,9,32
jp_loto7,JP,2020-10-30,195,1,4,6,15,20,22,26,18,21
jp_loto7,JP,2020-10-23,194,10,23,27,32,33,35,37,24,26
jp_loto7,JP,2020-10-16,193,3,6,19,21,23,26,27,30,34
jp_loto7,JP,2020-10-09,192,1,6,11,13,18,24,27,17,23
jp_loto7,JP,2020-10-02,191,1,6,8,10,18,21,32,13,28
jp_loto7,JP,2020-09-25,190,3,7,13,22,30,32,37,14,15
jp_loto7,JP,2020-09-18,189,9,19,22,32,35,36,37,7,21
jp_loto7,JP,2020-09-11,188,4,12,14,24,29,34,35,5,15
jp_loto7,JP,2020-09-04,187,3,7,15,18,26,30,31,9,33
jp_loto7,JP,2020-08-28,186,8,11,15,22,26,28,30,10,20
jp_loto7,JP,2020-08-21,185,2,3,5,8,19,22,37,16,28
jp_loto7,JP,2020-08-14,184,4,8,25,26,27,31,32,9,22
jp_loto7,JP,2020-08-07,183,8,14,24,25,32,34,36,13,16
jp_loto7,JP,2020-07-31,182,3,8,15,22,24,29,35,18,26
jp_loto7,JP,2020-07-24,181,1,5,9,10,14,15,29,20,28
jp_loto7,JP,2020-07-17,180,6,7,10,17,25,33,36,27,32
jp_loto7,JP,2020-07-10,179,6,11,14,17,23,31,37,10,15
jp_loto7,JP,2020-07-03,178,13,15,18,19,23,27,32,34,35
jp_loto7,JP,2020-06-26,177,4,5,9,10,18,27,35,15,34
jp_loto7,JP,2020-06-19,176,2,3,17,18,22,23,31,4,30
jp_loto7,JP,2020-06-12,175,6,8,22,23,32,33,36,9,27
jp_loto7,JP,2020-06-05,174,1,3,4,8,11,21,25,12,23
jp_loto7,JP,2020-05-29,173,7,10,16,25,26,33,34,24,35
jp_loto7,JP,2020-05-22,172,1,7,9,11,15,31,34,6,33
jp_loto7,JP,2020-05-15,171,7,8,9,13,21,34,35,3,20
jp_loto7,JP,2020-05-08,170,8,14,19,20,29,30,31,7,35
jp_loto7,JP,2020-05-01,169,10,24,25,26,27,33,36,4,23
jp_loto7,JP,2020-04-24,168,1,4,13,14,16,22,35,10,23
jp_loto7,JP,2020-04-17,167,3,9,10,14,16,20,27,19,33
jp_loto7,JP,2020-04-10,166,13,15,17,22,26,34,36,3,19
jp_loto7,JP,2020-04-03,165,4,7,8,14,22,24,27,13,26
jp_loto7,JP,2020-03-27,164,5,9,16,20,29,33,35,2,8
jp_loto7,JP,2020-03-20,163,9,11,13,14,20,22,37,15,17
jp_loto7,JP,2020-03-13,162,4,7,11,17,19,26,35,1,24
jp_loto7,JP,2020-03-06,161,5,13,14,26,32,33,34,8,11
jp_loto7,JP,2020-02-28,160,5,8,12,13,14,24,30,27,35
jp_loto7,JP,2020-02-21,159,4,16,20,30,33,34,36,19,21
jp_loto7,JP,2020-02-14,158,4,6,9,10,23,27,33,14,31
jp_loto7,JP,2020-02-07,157,1,2,8,10,13,25,31,23,35
jp_loto7,JP,2020-01-31,156,11,15,22,23,24,29,33,19,34
jp_loto7,JP,2020-01-24,155,3,4,14,18,26,30,32,28,34
jp_loto7,JP,2020-01-17,154,8,13,17,19,23,25,28,5,16
jp_loto7,JP,2020-01-10,153,10,19,21,23,24,30,37,2,28
jp_loto7,JP,2019-12-27,152,4,10,11,15,18,22,34,16,32
jp_loto7,JP,2019-12-20,151,2,5,17,18,19,20,33,1,24
jp_loto7,JP,2019-12-13,150,3,6,11,13,18,20,34,25,35
jp_loto7,JP,2019-12-06,149,11,16,18,23,30,31,35,3,27
jp_loto7,JP,2019-11-29,148,6,9,10,18,28,31,32,24,35
jp_loto7,JP,2019-11-22,147,11,19,28,29,31,32,37,12,21
jp_loto7,JP,2019-11-15,146,17,19,22,29,30,31,32,11,16
jp_loto7,JP,2019-11-08,145,3,6,24,28,32,35,36,4,8
jp_loto7,JP,2019-11-01,144,4,11,17,27,29,31,36,19,24
jp_loto7,JP,2019-10-25,143,6,14,17,26,27,30,36,12,28
jp_loto7,JP,2019-10-18,142,11,15,18,20,23,25,32,9,37
jp_loto7,JP,2019-10-11,141,7,9,16,17,23,27,34,15,36
jp_loto7,JP,2019-10-04,140,5,7,10,12,14,24,35,11,33
jp_loto7,JP,2019-09-27,139,9,10,13,21,25,31,33,24,37
jp_loto7,JP,2019-09-20,138,9,10,17,18,22,25,35,13,14
jp_loto7,JP,2019-09-13,137,3,7,15,16,30,34,35,8,29
jp_loto7,JP,2019-09-06,136,1,4,10,11,16,24,34,30,32
jp_loto7,JP,2019-08-30,135,5,7,10,15,24,27,30,3,33
jp_loto7,JP,2019-08-23,134,5,7,11,12,15,18,20,19,30
jp_loto7,JP,2019-08-16,133,3,4,10,12,17,18,20,19,32
jp_loto7,JP,2019-08-09,132,3,10,19,20,26,28,30,15,25
jp_loto7,JP,2019-08-02,131,3,9,10,14,19,24,30,18,21
jp_loto7,JP,2019-07-26,130,1,3,13,14,16,30,31,2,17
jp_loto7,JP,2019-07-19,129,1,2,17,18,24,27,29,12,32
jp_loto7,JP,2019-07-12,128,4,14,17,18,21,31,33,6,20
jp_loto7,JP,2019-07-05,127,9,13,16,17,18,19,20,30,36
jp_loto7,JP,2019-06-28,126,11,14,15,21,26,34,36,23,27
jp_loto7,JP,2019-06-21,125,1,10,11,21,26,29,30,14,20
jp_loto7,JP,2019-06-14,124,15,24,27,28,29,34,35,9,25
jp_loto7,JP,2019-06-07,123,5,6,18,22,26,33,34,36,37
jp_loto7,JP,2019-05-31,122,2,6,14,23,28,31,35,19,27
jp_loto7,JP,2019-05-24,121,4,5,10,12,27,34,36,3,14
jp_loto7,JP,2019-05-17,120,7,8,14,15,16,20,29,18,19
jp_loto7,JP,2019-05-10,119,3,9,10,17,30,33,34,6,8
jp_loto7,JP,2019-05-03,118,3,11,18,26,30,33,37,28,31
jp_loto7,JP,2019-04-26,117,3,6,8,19,32,34,35,12,30
jp_loto7,JP,2019-04-19,116,9,13,16,23,28,29,30,1,20
jp_loto7,JP,2019-04-12,115,1,2,4,18,20,29,34,17,30
jp_loto7,JP,2019-04-05,114,9,11,18,24,26,27,37,30,33
jp_loto7,JP,2019-03-29,113,17,25,26,28,31,32,37,6,9
jp_loto7,JP,2019-03-22,112,1,7,13,14,16,21,22,18,34
jp_loto7,JP,2019-03-15,111,5,6,11,15,20,32,33,13,25
jp_loto7,JP,2019-03-08,110,5,8,15,24,25,32,35,20,26
jp_loto7,JP,2019-03-01,109,12,13,15,22,25,33,35,1,31
jp_loto7,JP,2019-02-22,108,6,17,23,24,27,28,31,10,18
jp_loto7,JP,2019-02-15,107,7,9,10,17,28,33,36,18,23
jp_loto7,JP,2019-02-08,106,4,7,14,17,21,34,37,10,30
jp_loto7,JP,2019-02-01,105,8,16,26,27,28,32,34,4,25
jp_loto7,JP,2019-01-25,104,4,11,12,25,27,30,33,5,19
jp_loto7,JP,2019-01-18,103,4,7,21,31,33,34,35,6,12
jp_loto7,JP,2019-01-11,102,1,6,10,13,16,26,36,28,30
jp_loto7,JP,2019-01-04,101,1,3,8,11,18,19,22,26,30
jp_loto7,JP,2018-12-28,100,2,3,11,16,23,28,36,8,24
jp_loto7,JP,2018-12-21,99,1,8,10,12,18,28,29,25,27
jp_loto7,JP,2018-12-14,98,4,5,6,8,9,22,32,13,26
jp_loto7,JP,2018-12-07,97,3,4,6,10,14,22,29,28,32
jp_loto7,JP,2018-11-30,96,11,13,15,20,27,29,35,1,7
jp_loto7,JP,2018-11-23,95,12,15,25,26,27,29,35,24,30
jp_loto7,JP,2018-11-16,94,1,11,18,19,21,29,37,5,15
jp_loto7,JP,2018-11-09,93,3,13,22,26,31,32,37,29,35
jp_loto7,JP,2018-11-02,92,2,7,10,12,16,17,34,23,25
jp_loto7,JP,2018-10-26,91,1,8,9,16,27,32,37,17,31
jp_loto7,JP,2018-10-19,90,2,7,10,20,24,29,34,4,8
jp_loto7,JP,2018-10-12,89,4,5,14,17,18,29,37,27,31
jp_loto7,JP,2018-10-05,88,11,15,21,26,30,34,35,4,36
jp_loto7,JP,2018-09-28,87,6,7,10,25,29,30,33,1,31
jp_loto7,JP,2018-09-21,86,13,14,15,17,23,29,31,10,19
jp_loto7,JP,2018-09-14,85,10,17,18,25,29,35,36,7,14
jp_loto7,JP,2018-09-07,84,1,2,17,19,20,22,26,30,36
jp_loto7,JP,2018-08-31,83,4,9,10,11,24,32,35,2,37
jp_loto7,JP,2018-08-24,82,7,11,15,17,19,23,31,9,37
jp_loto7,JP,2018-08-17,81,6,9,14,21,23,33,36,27,28
jp_loto7,JP,2018-08-10,80,6,7,9,11,21,23,25,1,22
jp_loto7,JP,2018-08-03,79,3,6,12,17,22,34,35,2,33
jp_loto7,JP,2018-07-27,78,8,9,15,19,24,25,35,34,37
jp_loto7,JP,2018-07-20,77,9,14,21,23,25,26,37,7,29
jp_loto7,JP,2018-07-13,76,13,15,21,23,26,32,34,5,9
jp_loto7,JP,2018-07-06,75,2,5,8,15,18,26,31,19,25
jp_loto7,JP,2018-06-29,74,1,9,15,16,19,32,35,14,31
jp_loto7,JP,2018-06-22,73,1,2,11,13,15,24,25,26,28
jp_loto7,JP,2018-06-15,72,1,9,15,24,31,33,36,2,26
jp_loto7,JP,2018-06-08,71,4,5,9,15,29,31,33,26,27
jp_loto7,JP,2018-06-01,70,8,13,18,20,23,25,26,6,28
jp_loto7,JP,2018-05-25,69,6,11,15,17,20,27,32,16,22
jp_loto7,JP,2018-05-18,68,12,13,15,19,21,24,36,10,37
jp_loto7,JP,2018-05-11,67,8,13,15,17,21,26,29,4,24
jp_loto7,JP,2018-05-04,66,1,5,11,16,27,35,36,6,14
jp_loto7,JP,2018-04-27,65,2,6,7,9,19,23,36,5,15
jp_loto7,JP,2018-04-20,64,4,14,15,17,21,23,26,7,8
jp_loto7,JP,2018-04-13,63,4,8,12,23,29,31,34,5,6
jp_loto7,JP,2018-04-06,62,5,6,15,19,22,29,32,4,31
jp_loto7,JP,2018-03-30,61,1,3,11,20,23,32,35,25,26
jp_loto7,JP,2018-03-23,60,5,15,16,26,27,32,35,23,28
jp_loto7,JP,2018-03-16,59,14,21,24,27,30,33,37,19,20
jp_loto7,JP,2018-03-09,58,1,4,11,13,15,21,32,5,10
jp_loto7,JP,2018-03-02,57,1,12,14,18,23,24,31,7,26
jp_loto7,JP,2018-02-23,56,6,7,9,12,15,17,24,26,29
jp_loto7,JP,2018-02-16,55,8,23,24,25,27,30,31,11,17
jp_loto7,JP,2018-02-09,54,1,15,20,26,28,34,37,23,30
jp_loto7,JP,2018-02-02,53,5,9,10,13,26,30,34,18,23
jp_loto7,JP,2018-01-26,52,9,20,28,29,31,34,37,5,25
jp_loto7,JP,2018-01-19,51,1,5,6,22,25,27,31,12,18
jp_loto7,JP,2018-01-12,50,10,12,13,16,34,35,36,11,37
jp_loto7,JP,2018-01-05,49,3,6,9,19,23,25,31,21,36
jp_loto7,JP,2017-12-29,48,2,8,9,11,24,26,27,7,36
jp_loto7,JP,2017-12-22,47,2,9,17,22,32,34,36,11,12
jp_loto7,JP,2017-12-15,46,6,9,13,18,20,22,30,11,14
jp_loto7,JP,2017-12-08,45,1,5,13,17,31,32,35,19,24
jp_loto7,JP,2017-12-01,44,5,11,12,19,21,26,28,4,20
jp_loto7,JP,2017-11-24,43,9,12,14,24,29,31,35,5,30
jp_loto7,JP,2017-11-17,42,8,13,17,21,23,28,37,1,14
jp_loto7,JP,2017-11-10,41,3,21,26,33,34,35,37,23,31
jp_loto7,JP,2017-11-03,40,3,4,7,19,20,21,29,8,33
jp_loto7,JP,2017-10-27,39,19,22,23,34,35,36,37,10,30
jp_loto7,JP,2017-10-20,38,2,9,13,18,21,33,34,3,11
jp_loto7,JP,2017-10-13,37,7,14,15,16,23,25,30,5,34
jp_loto7,JP,2017-10-06,36,3,13,17,25,26,27,29,8,37
jp_loto7,JP,2017-09-29,35,2,4,7,9,15,35,37,10,23
jp_loto7,JP,2017-09-22,34,4,15,18,24,25,34,36,10,26
jp_loto7,JP,2017-09-15,33,3,5,8,15,22,25,27,18,31
jp_loto7,JP,2017-09-08,32,2,3,9,30,33,36,37,1,32
jp_loto7,JP,2017-09-01,31,6,11,14,21,24,28,31,22,36
jp_loto7,JP,2017-08-25,30,2,3,7,9,22,23,26,29,30
jp_loto7,JP,2017-08-18,29,12,17,21,24,26,30,32,10,22
jp_loto7,JP,2017-08-11,28,13,15,17,18,20,21,26,25,29
jp_loto7,JP,2017-08-04,27,2,4,7,10,12,29,34,1,21
jp_loto7,JP,2017-07-28,26,10,13,19,21,26,33,34,24,25
jp_loto7,JP,2017-07-21,25,3,9,18,21,23,27,29,35,37
jp_loto7,JP,2017-07-14,24,1,2,9,11,17,30,35,13,36
jp_loto7,JP,2017-07-07,23,7,9,11,18,25,28,35,20,27
jp_loto7,JP,2017-06-30,22,6,9,13,14,21,25,31,2,4
jp_loto7,JP,2017-06-23,21,15,16,17,21,26,29,30,10,34
jp_loto7,JP,2017-06-16,20,4,6,26,27,28,35,36,24,34
jp_loto7,JP,2017-06-09,19,9,14,22,24,25,36,37,8,28
jp_loto7,JP,2017-06-02,18,11,12,13,21,29,36,37,7,9
jp_loto7,JP,2017-05-26,17,2,6,9,12,31,36,37,3,22
jp_loto7,JP,2017-05-19,16,5,13,15,18,19,24,35,20,23
jp_loto7,JP,2017-05-12,15,4,6,10,19,20,24,29,1,27
jp_loto7,JP,2017-05-05,14,7,15,22,25,31,32,35,29,36
jp_loto7,JP,2017-04-28,13,2,4,6,11,15,19,36,23,34
jp_loto7,JP,2017-04-21,12,3,4,6,13,22,31,36,28,34
jp_loto7,JP,2017-04-14,11,4,13,16,18,22,26,33,27,29
jp_loto7,JP,2017-04-07,10,4,5,10,13,28,32,33,19,26
jp_loto7,JP,2017-03-31,9,1,6,7,11,27,35,36,22,26
jp_loto7,JP,2017-03-24,8,4,5,19,31,35,36,37,27,32
jp_loto7,JP,2017-03-17,7,5,19,20,21,30,34,36,7,12
jp_loto7,JP,2017-03-10,6,6,13,17,22,32,33,36,12,28
jp_loto7,JP,2017-03-03,5,3,7,11,16,22,34,37,29,32
jp_loto7,JP,2017-02-24,4,8,11,17,24,28,31,32,12,34
jp_loto7,JP,2017-02-17,3,13,14,17,21,27,28,34,1,11
jp_loto7,JP,2017-02-10,2,1,9,17,20,22,28,29,13,16
jp_loto7,JP,2017-02-03,1,18,21,31,32,33,36,37,5,25
