game_id,country_code,draw_date,draw_number,main_1,main_2,main_3,main_4,main_5,main_6,main_7,bonus_1,bonus_2
jp_loto7,JP,2026-07-10,500,1,5,16,20,21,22,31,23,36
jp_loto7,JP,2026-07-03,499,8,14,17,19,20,32,36,21,25
jp_loto7,JP,2026-06-26,498,11,21,22,25,28,29,36,8,32
jp_loto7,JP,2026-06-19,497,11,14,17,23,28,30,36,12,20
jp_loto7,JP,2026-06-12,496,1,10,12,13,19,33,35,14,37
jp_loto7,JP,2026-06-05,495,9,10,22,26,27,31,36,20,29
jp_loto7,JP,2026-05-29,494,6,8,9,18,22,24,35,4,20
jp_loto7,JP,2026-05-22,493,2,6,12,15,24,26,34,18,20
jp_loto7,JP,2026-05-15,492,5,6,7,8,15,17,19,1,33
jp_loto7,JP,2026-05-08,491,2,6,15,19,20,22,27,31,33
jp_loto7,JP,2026-05-01,490,5,8,16,18,24,28,31,6,23
jp_loto7,JP,2026-04-24,489,1,6,7,9,12,22,26,8,14
jp_loto7,JP,2026-04-17,488,6,9,10,12,16,24,32,17,19
jp_loto7,JP,2026-04-10,487,7,11,15,16,17,24,33,6,9
jp_loto7,JP,2026-04-03,486,7,13,16,22,28,33,36,2,25
jp_loto7,JP,2026-03-27,485,3,4,9,10,18,21,37,15,23
jp_loto7,JP,2026-03-20,484,3,5,6,7,9,13,16,11,23
jp_loto7,JP,2026-03-13,483,1,8,11,14,18,22,29,19,35
jp_loto7,JP,2026-03-06,482,9,13,20,22,28,29,33,21,23
jp_loto7,JP,2026-02-27,481,2,17,18,22,23,25,33,16,34
jp_loto7,JP,2026-02-20,480,6,8,14,19,22,25,35,12,17
jp_loto7,JP,2026-02-13,479,3,6,8,14,21,22,31,17,37
jp_loto7,JP,2026-02-06,478,4,6,10,11,13,17,23,25,32
jp_loto7,JP,2026-01-30,477,4,14,15,21,22,24,37,5,20
jp_loto7,JP,2026-01-23,476,7,12,17,22,31,34,35,20,32
jp_loto7,JP,2026-01-16,475,4,6,12,13,16,17,31,14,20
jp_loto7,JP,2026-01-09,474,2,8,9,14,27,34,36,5,18
jp_loto7,JP,2025-12-26,473,10,12,16,18,19,22,37,11,20
jp_loto7,JP,2025-12-19,472,9,11,16,23,27,29,32,6,24
jp_loto7,JP,2025-12-12,471,1,4,6,20,30,34,37,14,25
jp_loto7,JP,2025-12-05,470,4,5,12,13,24,26,33,3,14
jp_loto7,JP,2025-11-28,469,3,12,25,29,30,32,33,28,31
jp_loto7,JP,2025-11-21,468,6,7,12,25,26,30,33,13,15
jp_loto7,JP,2025-11-14,467,1,16,21,26,27,30,35,6,37
jp_loto7,JP,2025-11-07,466,2,13,19,20,24,26,35,29,36
jp_loto7,JP,2025-10-31,465,1,8,10,14,25,33,35,12,21
jp_loto7,JP,2025-10-24,464,12,22,23,26,33,35,37,2,21
jp_loto7,JP,2025-10-17,463,3,17,19,24,28,29,35,7,13
jp_loto7,JP,2025-10-10,462,4,5,9,13,17,22,28,18,31
jp_loto7,JP,2025-10-03,461,5,12,13,15,18,35,37,11,29
jp_loto7,JP,2025-09-26,460,7,10,16,20,26,32,35,24,33
jp_loto7,JP,2025-09-19,459,1,11,12,14,20,26,29,2,5
jp_loto7,JP,2025-09-12,458,1,5,15,16,18,27,34,19,22
jp_loto7,JP,2025-09-05,457,1,7,22,23,33,34,35,2,24
jp_loto7,JP,2025-08-29,456,1,3,7,23,24,33,36,17,30
jp_loto7,JP,2025-08-22,455,2,7,9,12,13,14,29,15,30
jp_loto7,JP,2025-08-15,454,5,9,12,15,30,31,34,13,29
jp_loto7,JP,2025-08-08,453,1,6,18,19,35,36,37,11,24
jp_loto7,JP,2025-08-01,452,1,4,7,8,9,20,21,11,30
jp_loto7,JP,2025-07-25,451,10,14,17,20,26,27,29,3,11
jp_loto7,JP,2025-07-18,450,10,12,20,29,30,31,34,4,15
jp_loto7,JP,2025-07-11,449,2,12,18,29,32,36,37,5,21
jp_loto7,JP,2025-07-04,448,2,5,10,17,21,31,36,20,32
jp_loto7,JP,2025-06-27,447,5,7,10,11,29,31,37,13,25
jp_loto7,JP,2025-06-20,446,2,3,6,17,33,35,36,25,37
jp_loto7,JP,2025-06-13,445,4,6,8,23,28,29,34,10,19
jp_loto7,JP,2025-06-06,444,2,7,9,21,23,24,30,22,29
jp_loto7,JP,2025-05-30,443,1,8,9,11,18,27,35,16,34
jp_loto7,JP,2025-05-23,442,9,15,21,30,33,34,37,10,35
jp_loto7,JP,2025-05-16,441,1,3,7,12,17,32,34,14,30
jp_loto7,JP,2025-05-09,440,3,10,12,18,19,24,32,4,15
jp_loto7,JP,2025-05-02,439,2,14,15,26,27,34,36,9,24
jp_loto7,JP,2025-04-25,438,9,12,22,26,28,31,37,7,30
jp_loto7,JP,2025-04-18,437,1,10,28,29,30,33,34,21,27
jp_loto7,JP,2025-04-11,436,1,2,12,13,14,30,36,9,24
jp_loto7,JP,2025-04-04,435,2,4,8,10,12,29,32,6,13
jp_loto7,JP,2025-03-28,434,8,9,18,20,27,29,32,7,12
jp_loto7,JP,2025-03-21,433,7,17,20,23,24,34,36,25,35
jp_loto7,JP,2025-03-14,432,2,6,10,12,25,28,35,27,31
jp_loto7,JP,2025-03-07,431,7,15,20,28,29,34,36,1,35
jp_loto7,JP,2025-02-28,430,4,11,21,26,27,28,33,10,13
jp_loto7,JP,2025-02-21,429,14,21,22,23,24,28,34,5,37
jp_loto7,JP,2025-02-14,428,3,5,6,10,19,21,35,13,27
jp_loto7,JP,2025-02-07,427,5,13,16,23,27,31,34,26,33
jp_loto7,JP,2025-01-31,426,7,8,11,18,20,30,34,5,14
jp_loto7,JP,2025-01-24,425,1,8,9,23,24,31,36,21,28
jp_loto7,JP,2025-01-17,424,4,11,12,23,26,32,37,1,9
jp_loto7,JP,2025-01-10,423,7,10,11,18,20,29,30,32,36
jp_loto7,JP,2024-12-27,422,12,14,20,27,31,34,37,19,21
jp_loto7,JP,2024-12-20,421,9,17,18,20,22,27,36,25,37
jp_loto7,JP,2024-12-13,420,2,8,15,26,28,31,32,19,24
jp_loto7,JP,2024-12-06,419,4,6,9,12,25,31,36,27,30
jp_loto7,JP,2024-11-29,418,4,9,10,23,28,30,34,18,31
jp_loto7,JP,2024-11-22,417,7,15,18,24,29,31,34,5,25
jp_loto7,JP,2024-11-15,416,4,8,18,20,29,35,37,19,34
jp_loto7,JP,2024-11-08,415,1,2,12,16,19,29,32,9,37
jp_loto7,JP,2024-11-01,414,4,7,16,19,26,31,33,25,29
jp_loto7,JP,2024-10-25,413,1,4,7,11,12,18,26,3,33
jp_loto7,JP,2024-10-18,412,2,4,14,15,22,27,34,1,5
jp_loto7,JP,2024-10-11,411,1,9,16,19,23,29,32,5,37
jp_loto7,JP,2024-10-04,410,14,15,16,19,25,28,33,6,29
jp_loto7,JP,2024-09-27,409,5,12,21,25,27,34,36,10,32
jp_loto7,JP,2024-09-20,408,3,8,9,14,15,22,32,1,12
jp_loto7,JP,2024-09-13,407,3,8,11,15,19,24,32,14,30
jp_loto7,JP,2024-09-06,406,4,7,8,11,21,23,35,10,24
jp_loto7,JP,2024-08-30,405,1,3,9,10,15,25,35,19,28
jp_loto7,JP,2024-08-23,404,1,6,8,9,14,29,33,5,23
jp_loto7,JP,2024-08-16,403,3,5,9,13,15,21,31,12,17
jp_loto7,JP,2024-08-09,402,15,18,21,22,23,25,32,1,30
jp_loto7,JP,2024-08-02,401,1,2,4,14,15,22,23,13,36
jp_loto7,JP,2024-07-26,400,6,11,13,14,16,27,34,12,25
jp_loto7,JP,2024-07-19,399,10,11,12,17,23,30,36,20,21
jp_loto7,JP,2024-07-12,398,1,5,8,9,20,30,37,11,26
jp_loto7,JP,2024-07-05,397,5,7,22,29,30,32,36,3,33
jp_loto7,JP,2024-06-28,396,3,8,10,15,18,23,37,17,24
jp_loto7,JP,2024-06-21,395,4,13,14,15,17,27,33,2,11
jp_loto7,JP,2024-06-14,394,7,19,23,33,34,35,36,5,10
jp_loto7,JP,2024-06-07,393,2,15,19,20,22,31,36,13,23
jp_loto7,JP,2024-05-31,392,11,13,19,25,29,36,37,18,30
jp_loto7,JP,2024-05-24,391,11,13,14,18,19,23,31,7,27
jp_loto7,JP,2024-05-17,390,2,12,18,20,25,28,30,9,23
jp_loto7,JP,2024-05-10,389,4,5,13,16,22,23,35,36,37
jp_loto7,JP,2024-05-03,388,11,12,18,19,23,26,31,15,25
jp_loto7,JP,2024-04-26,387,1,2,4,19,21,26,28,3,25
jp_loto7,JP,2024-04-19,386,13,26,27,29,30,34,37,2,23
jp_loto7,JP,2024-04-12,385,1,3,9,12,25,26,35,29,31
jp_loto7,JP,2024-04-05,384,12,15,17,22,30,34,35,5,9
jp_loto7,JP,2024-03-29,383,8,18,20,29,30,33,34,5,23
jp_loto7,JP,2024-03-22,382,6,8,16,18,19,34,37,15,30
jp_loto7,JP,2024-03-15,381,3,5,18,25,28,35,37,7,8
jp_loto7,JP,2024-03-08,380,3,6,9,11,19,30,36,1,33
jp_loto7,JP,2024-03-01,379,9,13,15,18,22,24,30,6,27
jp_loto7,JP,2024-02-23,378,1,4,6,14,16,19,31,12,18
jp_loto7,JP,2024-02-16,377,2,14,15,20,28,30,34,3,4
jp_loto7,JP,2024-02-09,376,6,8,19,20,27,32,37,13,33
jp_loto7,JP,2024-02-02,375,3,20,29,32,33,34,35,2,24
jp_loto7,JP,2024-01-26,374,3,4,10,13,15,18,22,2,16
jp_loto7,JP,2024-01-19,373,15,20,21,22,23,26,34,6,10
jp_loto7,JP,2024-01-12,372,3,5,7,10,17,18,35,2,21
jp_loto7,JP,2024-01-05,371,17,20,26,28,29,33,35,1,6
jp_loto7,JP,2023-12-29,370,9,12,17,19,26,32,34,11,22
jp_loto7,JP,2023-12-22,369,4,10,15,17,29,32,36,13,30
jp_loto7,JP,2023-12-15,368,2,6,13,15,16,20,33,9,28
jp_loto7,JP,2023-12-08,367,7,11,12,16,18,33,34,1,14
jp_loto7,JP,2023-12-01,366,15,16,17,22,29,32,37,23,24
jp_loto7,JP,2023-11-24,365,7,8,13,22,24,29,30,10,35
jp_loto7,JP,2023-11-17,364,13,19,20,28,33,34,35,4,32
jp_loto7,JP,2023-11-10,363,1,13,16,17,18,25,30,20,34
jp_loto7,JP,2023-11-03,362,4,11,14,18,23,25,29,17,32
jp_loto7,JP,2023-10-27,361,7,14,17,28,33,35,36,13,27
jp_loto7,JP,2023-10-20,360,3,12,16,17,27,30,34,15,37
jp_loto7,JP,2023-10-13,359,10,11,18,21,22,29,34,4,32
jp_loto7,JP,2023-10-06,358,2,11,13,18,23,24,36,17,26
jp_loto7,JP,2023-09-29,357,2,9,26,31,33,35,36,15,20
jp_loto7,JP,2023-09-22,356,6,14,23,25,27,28,34,19,37
jp_loto7,JP,2023-09-15,355,3,7,10,18,19,28,36,13,26
jp_loto7,JP,2023-09-08,354,4,6,8,18,20,27,35,24,26
jp_loto7,JP,2023-09-01,353,1,2,11,12,16,25,28,6,22
jp_loto7,JP,2023-08-25,352,2,3,9,13,14,35,37,4,17
jp_loto7,JP,2023-08-18,351,8,12,16,17,22,28,34,9,37
jp_loto7,JP,2023-08-11,350,5,11,12,19,29,32,36,9,26
jp_loto7,JP,2023-08-04,349,10,17,18,19,20,24,25,30,32
jp_loto7,JP,2023-07-28,348,2,4,9,11,14,25,37,29,32
jp_loto7,JP,2023-07-21,347,4,9,13,18,26,28,36,8,16
jp_loto7,JP,2023-07-14,346,4,6,9,11,14,28,30,10,12
jp_loto7,JP,2023-07-07,345,1,11,13,28,29,30,34,23,27
jp_loto7,JP,2023-06-30,344,7,9,13,14,22,26,29,10,21
jp_loto7,JP,2023-06-23,343,5,7,10,19,30,32,33,1,17
jp_loto7,JP,2023-06-16,342,4,8,12,25,27,32,34,15,17
jp_loto7,JP,2023-06-09,341,4,13,17,19,20,26,29,2,28
jp_loto7,JP,2023-06-02,340,11,14,17,18,21,25,31,1,27
jp_loto7,JP,2023-05-26,339,4,17,22,27,29,31,34,3,37
jp_loto7,JP,2023-05-19,338,3,17,19,27,28,32,35,2,34
jp_loto7,JP,2023-05-12,337,1,10,12,19,22,25,37,2,34
jp_loto7,JP,2023-05-05,336,21,24,25,27,30,33,36,3,31
jp_loto7,JP,2023-04-28,335,9,22,25,28,33,34,37,15,16
jp_loto7,JP,2023-04-21,334,1,2,8,14,17,21,34,20,26
jp_loto7,JP,2023-04-14,333,5,8,11,24,30,32,36,4,35
jp_loto7,JP,2023-04-07,332,3,6,10,16,26,29,31,7,24
jp_loto7,JP,2023-03-31,331,7,12,15,16,18,25,36,9,19
jp_loto7,JP,2023-03-24,330,3,15,17,22,26,27,28,6,8
jp_loto7,JP,2023-03-17,329,1,5,10,17,20,27,37,3,22
jp_loto7,JP,2023-03-10,328,1,4,10,13,15,19,37,16,20
jp_loto7,JP,2023-03-03,327,5,7,17,22,25,26,28,3,23
jp_loto7,JP,2023-02-24,326,1,9,14,24,28,36,37,16,31
jp_loto7,JP,2023-02-17,325,3,5,9,11,17,33,37,4,22
jp_loto7,JP,2023-02-10,324,10,14,22,26,27,32,33,20,37
jp_loto7,JP,2023-02-03,323,1,5,6,9,16,26,31,25,33
jp_loto7,JP,2023-01-27,322,4,19,25,26,30,32,36,1,15
jp_loto7,JP,2023-01-20,321,8,14,19,22,29,31,37,3,21
jp_loto7,JP,2023-01-13,320,9,10,12,15,16,28,36,1,23
jp_loto7,JP,2023-01-06,319,1,3,4,5,6,29,31,11,14
jp_loto7,JP,2022-12-30,318,5,7,8,13,23,26,33,31,37
jp_loto7,JP,2022-12-23,317,1,2,12,17,21,22,33,4,30
jp_loto7,JP,2022-12-16,316,1,2,4,7,12,14,31,30,33
jp_loto7,JP,2022-12-09,315,17,18,24,30,31,32,35,6,36
jp_loto7,JP,2022-12-02,314,5,9,14,18,27,32,34,6,12
jp_loto7,JP,2022-11-25,313,6,8,12,20,21,24,29,4,18
jp_loto7,JP,2022-11-18,312,18,20,24,26,27,30,33,17,19
jp_loto7,JP,2022-11-11,311,5,8,15,18,25,27,36,10,26
jp_loto7,JP,2022-11-04,310,2,16,19,20,22,33,36,6,32
jp_loto7,JP,2022-10-28,309,7,9,12,22,28,29,32,17,19
jp_loto7,JP,2022-10-21,308,5,13,14,20,21,25,31,9,36
jp_loto7,JP,2022-10-14,307,7,10,12,15,23,31,37,9,18
jp_loto7,JP,2022-10-07,306,3,14,17,21,22,32,35,6,30
jp_loto7,JP,2022-09-30,305,12,14,18,21,23,29,37,7,15
jp_loto7,JP,2022-09-23,304,3,6,7,15,25,29,31,8,14
jp_loto7,JP,2022-09-16,303,3,13,16,18,19,20,35,2,11
jp_loto7,JP,2022-09-09,302,9,10,13,15,26,34,37,22,36
jp_loto7,JP,2022-09-02,301,8,13,15,23,24,31,35,14,19
jp_loto7,JP,2022-08-26,300,4,6,17,20,22,24,26,8,9
jp_loto7,JP,2022-08-19,299,1,4,6,9,13,22,31,29,30
jp_loto7,JP,2022-08-12,298,2,11,20,23,25,36,37,29,34
jp_loto7,JP,2022-08-05,297,2,5,14,15,17,19,36,8,34
jp_loto7,JP,2022-07-29,296,1,10,13,14,16,25,27,5,21
jp_loto7,JP,2022-07-22,295,10,13,19,21,26,30,36,22,34
jp_loto7,JP,2022-07-15,294,8,11,13,18,24,30,31,21,23
jp_loto7,JP,2022-07-08,293,6,8,11,13,16,20,32,12,34
jp_loto7,JP,2022-07-01,292,2,5,9,19,25,32,37,7,29
jp_loto7,JP,2022-06-24,291,4,7,9,15,22,24,31,21,37
jp_loto7,JP,2022-06-17,290,1,2,22,24,26,31,37,12,19
jp_loto7,JP,2022-06-10,289,3,17,19,21,24,32,34,27,28
jp_loto7,JP,2022-06-03,288,6,11,21,24,28,33,37,8,27
jp_loto7,JP,2022-05-27,287,5,7,8,32,33,34,36,4,6
jp_loto7,JP,2022-05-20,286,3,5,7,8,11,19,34,17,32
jp_loto7,JP,2022-05-13,285,2,3,9,16,27,32,36,1,34
jp_loto7,JP,2022-05-06,284,1,6,8,13,16,30,33,23,28
jp_loto7,JP,2022-04-29,283,3,12,15,16,25,29,37,26,28
jp_loto7,JP,2022-04-22,282,7,8,11,13,14,26,30,31,34
jp_loto7,JP,2022-04-15,281,5,6,8,14,15,25,29,18,33
jp_loto7,JP,2022-04-08,280,1,4,5,13,27,31,35,15,22
jp_loto7,JP,2022-04-01,279,7,8,13,17,30,32,36,1,10
jp_loto7,JP,2022-03-25,278,3,7,13,16,19,24,30,6,10
jp_loto7,JP,2022-03-18,277,7,11,24,27,29,34,35,4,18
jp_loto7,JP,2022-03-11,276,2,13,19,22,32,35,37,14,33
jp_loto7,JP,2022-03-04,275,5,6,9,23,27,28,30,4,13
jp_loto7,JP,2022-02-25,274,2,4,7,8,10,20,29,14,33
jp_loto7,JP,2022-02-18,273,7,11,12,14,19,21,33,6,37
jp_loto7,JP,2022-02-11,272,7,14,19,27,31,35,36,9,33
jp_loto7,JP,2022-02-04,271,9,15,17,18,22,25,31,33,36
jp_loto7,JP,2022-01-28,270,1,5,8,15,18,26,36,33,34
jp_loto7,JP,2022-01-21,269,8,17,21,26,27,29,31,1,33
jp_loto7,JP,2022-01-14,268,2,8,10,21,24,26,35,9,13
jp_loto7,JP,2022-01-07,267,5,17,20,21,31,34,35,8,27
jp_loto7,JP,2021-12-24,266,2,15,22,25,28,33,37,10,17
jp_loto7,JP,2021-12-17,265,2,7,12,15,21,23,30,9,31
jp_loto7,JP,2021-12-10,264,2,21,26,27,32,33,34,8,9
jp_loto7,JP,2021-12-03,263,7,21,24,29,32,36,37,22,27
jp_loto7,JP,2021-11-26,262,3,5,8,13,26,30,37,25,28
jp_loto7,JP,2021-11-19,261,1,7,9,12,15,29,32,11,28
jp_loto7,JP,2021-11-12,260,4,22,25,27,28,30,33,2,3
jp_loto7,JP,2021-11-05,259,11,15,16,17,18,27,29,25,33
jp_loto7,JP,2021-10-29,258,1,5,8,26,28,32,36,23,24
jp_loto7,JP,2021-10-22,257,6,13,14,16,19,30,32,25,36
jp_loto7,JP,2021-10-15,256,15,21,22,23,27,28,37,8,25
jp_loto7,JP,2021-10-08,255,5,10,17,18,19,22,32,14,35
jp_loto7,JP,2021-10-01,254,1,3,6,9,26,29,31,14,18
jp_loto7,JP,2021-09-24,253,4,13,16,21,32,34,37,27,33
jp_loto7,JP,2021-09-17,252,8,10,14,15,23,25,26,1,11
jp_loto7,JP,2021-09-10,251,5,6,21,22,26,31,32,18,36
jp_loto7,JP,2021-09-03,250,3,5,7,11,15,17,25,13,32
jp_loto7,JP,2021-08-27,249,10,11,12,17,29,34,37,26,30
jp_loto7,JP,2021-08-20,248,14,17,20,25,32,33,36,10,34
jp_loto7,JP,2021-08-13,247,5,10,13,24,29,30,35,21,31
jp_loto7,JP,2021-08-06,246,7,11,12,17,19,20,26,2,3
jp_loto7,JP,2021-07-30,245,2,12,17,24,28,30,32,3,27
jp_loto7,JP,2021-07-23,244,6,11,14,27,30,32,35,18,24
jp_loto7,JP,2021-07-16,243,3,6,16,22,31,34,35,24,32
jp_loto7,JP,2021-07-09,242,11,13,26,27,31,33,37,9,18
jp_loto7,JP,2021-07-02,241,1,2,6,8,30,31,33,13,35
jp_loto7,JP,2021-06-25,240,2,9,14,20,22,34,35,7,24
jp_loto7,JP,2021-06-18,239,5,6,12,19,25,30,35,26,33
jp_loto7,JP,2021-06-11,238,1,7,9,11,29,31,32,2,6
jp_loto7,JP,2021-06-04,237,1,9,21,23,30,35,36,5,6
jp_loto7,JP,2021-05-28,236,9,15,18,26,28,32,37,21,36
jp_loto7,JP,2021-05-21,235,4,5,11,13,24,32,34,2,3
jp_loto7,JP,2021-05-14,234,3,11,14,21,26,29,34,22,33
jp_loto7,JP,2021-05-07,233,10,13,17,18,22,28,37,1,20
jp_loto7,JP,2021-04-30,232,4,5,13,18,23,27,32,9,11
jp_loto7,JP,2021-04-23,231,8,9,10,15,16,30,31,29,36
jp_loto7,JP,2021-04-16,230,4,8,12,13,23,32,37,16,35
jp_loto7,JP,2021-04-09,229,3,8,16,21,25,36,37,14,20
jp_loto7,JP,2021-04-02,228,3,10,16,18,19,34,35,27,36
jp_loto7,JP,2021-03-26,227,14,20,22,29,31,33,34,15,24
jp_loto7,JP,2021-03-19,226,4,11,12,21,23,27,36,9,14
jp_loto7,JP,2021-03-12,225,1,2,18,21,26,29,37,9,36
jp_loto7,JP,2021-03-05,224,13,15,16,24,30,31,37,12,33
jp_loto7,JP,2021-02-26,223,16,18,19,21,29,30,35,14,28
jp_loto7,JP,2021-02-19,222,19,21,25,26,28,30,31,9,16
jp_loto7,JP,2021-02-12,221,1,2,5,16,18,21,29,24,25
jp_loto7,JP,2021-02-05,220,3,10,16,17,24,32,36,11,29
jp_loto7,JP,2021-01-29,219,4,8,13,16,25,30,32,9,26
jp_loto7,JP,2021-01-22,218,2,6,8,12,19,20,29,5,26
jp_loto7,JP,2021-01-15,217,7,9,12,17,20,26,29,4,13
jp_loto7,JP,2021-01-08,216,4,5,9,14,18,30,35,1,33
jp_loto7,JP,2020-12-25,215,4,17,22,28,30,31,35,25,34
jp_loto7,JP,2020-12-18,214,7,15,19,20,21,33,36,4,10
jp_loto7,JP,2020-12-11,213,3,4,10,17,20,22,33,1,6
jp_loto7,JP,2020-12-04,212,4,12,13,15,21,28,37,7,20
jp_loto7,JP,2020-11-27,211,2,3,5,8,16,20,34,26,31
jp_loto7,JP,2020-11-20,210,1,2,5,20,26,29,32,8,9
jp_loto7,JP,2020-11-13,209,6,10,22,23,27,32,33,8,19
jp_loto7,JP,2020-11-06,208,7,14,15,22,27,30,31,9,32
jp_loto7,JP,2020-10-30,207,1,4,6,15,20,22,26,18,21
jp_loto7,JP,2020-10-23,206,10,23,27,32,33,35,37,24,26
jp_loto7,JP,2020-10-16,205,3,6,19,21,23,26,27,30,34
jp_loto7,JP,2020-10-09,204,1,6,11,13,18,24,27,17,23
jp_loto7,JP,2020-10-02,203,1,6,8,10,18,21,32,13,28
jp_loto7,JP,2020-09-25,202,3,7,13,22,30,32,37,14,15
jp_loto7,JP,2020-09-18,201,9,19,22,32,35,36,37,7,21
jp_loto7,JP,2020-09-11,200,4,12,14,24,29,34,35,5,15
jp_loto7,JP,2020-09-04,199,3,7,15,18,26,30,31,9,33
jp_loto7,JP,2020-08-28,198,8,11,15,22,26,28,30,10,20
jp_loto7,JP,2020-08-21,197,2,3,5,8,19,22,37,16,28
jp_loto7,JP,2020-08-14,196,4,8,25,26,27,31,32,9,22
jp_loto7,JP,2020-08-07,195,8,14,24,25,32,34,36,13,16
jp_loto7,JP,2020-07-31,194,3,8,15,22,24,29,35,18,26
jp_loto7,JP,2020-07-24,193,1,5,9,10,14,15,29,20,28
jp_loto7,JP,2020-07-17,192,6,7,10,17,25,33,36,27,32
jp_loto7,JP,2020-07-10,191,6,11,14,17,23,31,37,10,15
jp_loto7,JP,2020-07-03,190,13,15,18,19,23,27,32,34,35
jp_loto7,JP,2020-06-26,189,4,5,9,10,18,27,35,15,34
jp_loto7,JP,2020-06-19,188,2,3,17,18,22,23,31,4,30
jp_loto7,JP,2020-06-12,187,6,8,22,23,32,33,36,9,27
jp_loto7,JP,2020-06-05,186,1,3,4,8,11,21,25,12,23
jp_loto7,JP,2020-05-29,185,7,10,16,25,26,33,34,24,35
jp_loto7,JP,2020-05-22,184,1,7,9,11,15,31,34,6,33
jp_loto7,JP,2020-05-15,183,7,8,9,13,21,34,35,3,20
jp_loto7,JP,2020-05-08,182,8,14,19,20,29,30,31,7,35
jp_loto7,JP,2020-05-01,181,10,24,25,26,27,33,36,4,23
jp_loto7,JP,2020-04-24,180,1,4,13,14,16,22,35,10,23
jp_loto7,JP,2020-04-17,179,3,9,10,14,16,20,27,19,33
jp_loto7,JP,2020-04-10,178,13,15,17,22,26,34,36,3,19
jp_loto7,JP,2020-04-03,177,4,7,8,14,22,24,27,13,26
jp_loto7,JP,2020-03-27,176,5,9,16,20,29,33,35,2,8
jp_loto7,JP,2020-03-20,175,9,11,13,14,20,22,37,15,17
jp_loto7,JP,2020-03-13,174,4,7,11,17,19,26,35,1,24
jp_loto7,JP,2020-03-06,173,5,13,14,26,32,33,34,8,11
jp_loto7,JP,2020-02-28,172,5,8,12,13,14,24,30,27,35
jp_loto7,JP,2020-02-21,171,4,16,20,30,33,34,36,19,21
jp_loto7,JP,2020-02-14,170,4,6,9,10,23,27,33,14,31
jp_loto7,JP,2020-02-07,169,1,2,8,10,13,25,31,23,35
jp_loto7,JP,2020-01-31,168,11,15,22,23,24,29,33,19,34
jp_loto7,JP,2020-01-24,167,3,4,14,18,26,30,32,28,34
jp_loto7,JP,2020-01-17,166,8,13,17,19,23,25,28,5,16
jp_loto7,JP,2020-01-10,165,10,19,21,23,24,30,37,2,28
jp_loto7,JP,2019-12-27,164,4,10,11,15,18,22,34,16,32
jp_loto7,JP,2019-12-20,163,2,5,17,18,19,20,33,1,24
jp_loto7,JP,2019-12-13,162,3,6,11,13,18,20,34,25,35
jp_loto7,JP,2019-12-06,161,11,16,18,23,30,31,35,3,27
jp_loto7,JP,2019-11-29,160,6,9,10,18,28,31,32,24,35
jp_loto7,JP,2019-11-22,159,11,19,28,29,31,32,37,12,21
jp_loto7,JP,2019-11-15,158,17,19,22,29,30,31,32,11,16
jp_loto7,JP,2019-11-08,157,3,6,24,28,32,35,36,4,8
jp_loto7,JP,2019-11-01,156,4,11,17,27,29,31,36,19,24
jp_loto7,JP,2019-10-25,155,6,14,17,26,27,30,36,12,28
jp_loto7,JP,2019-10-18,154,11,15,18,20,23,25,32,9,37
jp_loto7,JP,2019-10-11,153,7,9,16,17,23,27,34,15,36
jp_loto7,JP,2019-10-04,152,5,7,10,12,14,24,35,11,33
jp_loto7,JP,2019-09-27,151,9,10,13,21,25,31,33,24,37
jp_loto7,JP,2019-09-20,150,9,10,17,18,22,25,35,13,14
jp_loto7,JP,2019-09-13,149,3,7,15,16,30,34,35,8,29
jp_loto7,JP,2019-09-06,148,1,4,10,11,16,24,34,30,32
jp_loto7,JP,2019-08-30,147,5,7,10,15,24,27,30,3,33
jp_loto7,JP,2019-08-23,146,5,7,11,12,15,18,20,19,30
jp_loto7,JP,2019-08-16,145,3,4,10,12,17,18,20,19,32
jp_loto7,JP,2019-08-09,144,3,10,19,20,26,28,30,15,25
jp_loto7,JP,2019-08-02,143,3,9,10,14,19,24,30,18,21
jp_loto7,JP,2019-07-26,142,1,3,13,14,16,30,31,2,17
jp_loto7,JP,2019-07-19,141,1,2,17,18,24,27,29,12,32
jp_loto7,JP,2019-07-12,140,4,14,17,18,21,31,33,6,20
jp_loto7,JP,2019-07-05,139,9,13,16,17,18,19,20,30,36
jp_loto7,JP,2019-06-28,138,11,14,15,21,26,34,36,23,27
jp_loto7,JP,2019-06-21,137,1,10,11,21,26,29,30,14,20
jp_loto7,JP,2019-06-14,136,15,24,27,28,29,34,35,9,25
jp_loto7,JP,2019-06-07,135,5,6,18,22,26,33,34,36,37
jp_loto7,JP,2019-05-31,134,2,6,14,23,28,31,35,19,27
jp_loto7,JP,2019-05-24,133,4,5,10,12,27,34,36,3,14
jp_loto7,JP,2019-05-17,132,7,8,14,15,16,20,29,18,19
jp_loto7,JP,2019-05-10,131,3,9,10,17,30,33,34,6,8
jp_loto7,JP,2019-05-03,130,3,11,18,26,30,33,37,28,31
jp_loto7,JP,2019-04-26,129,3,6,8,19,32,34,35,12,30
jp_loto7,JP,2019-04-19,128,9,13,16,23,28,29,30,1,20
jp_loto7,JP,2019-04-12,127,1,2,4,18,20,29,34,17,30
jp_loto7,JP,2019-04-05,126,9,11,18,24,26,27,37,30,33
jp_loto7,JP,2019-03-29,125,17,25,26,28,31,32,37,6,9
jp_loto7,JP,2019-03-22,124,1,7,13,14,16,21,22,18,34
jp_loto7,JP,2019-03-15,123,5,6,11,15,20,32,33,13,25
jp_loto7,JP,2019-03-08,122,5,8,15,24,25,32,35,20,26
jp_loto7,JP,2019-03-01,121,12,13,15,22,25,33,35,1,31
jp_loto7,JP,2019-02-22,120,6,17,23,24,27,28,31,10,18
jp_loto7,JP,2019-02-15,119,7,9,10,17,28,33,36,18,23
jp_loto7,JP,2019-02-08,118,4,7,14,17,21,34,37,10,30
jp_loto7,JP,2019-02-01,117,8,16,26,27,28,32,34,4,25
jp_loto7,JP,2019-01-25,116,4,11,12,25,27,30,33,5,19
jp_loto7,JP,2019-01-18,115,4,7,21,31,33,34,35,6,12
jp_loto7,JP,2019-01-11,114,1,6,10,13,16,26,36,28,30
jp_loto7,JP,2019-01-04,113,1,3,8,11,18,19,22,26,30
jp_loto7,JP,2018-12-28,112,2,3,11,16,23,28,36,8,24
jp_loto7,JP,2018-12-21,111,1,8,10,12,18,28,29,25,27
jp_loto7,JP,2018-12-14,110,4,5,6,8,9,22,32,13,26
jp_loto7,JP,2018-12-07,109,3,4,6,10,14,22,29,28,32
jp_loto7,JP,2018-11-30,108,11,13,15,20,27,29,35,1,7
jp_loto7,JP,2018-11-23,107,12,15,25,26,27,29,35,24,30
jp_loto7,JP,2018-11-16,106,1,11,18,19,21,29,37,5,15
jp_loto7,JP,2018-11-09,105,3,13,22,26,31,32,37,29,35
jp_loto7,JP,2018-11-02,104,2,7,10,12,16,17,34,23,25
jp_loto7,JP,2018-10-26,103,1,8,9,16,27,32,37,17,31
jp_loto7,JP,2018-10-19,102,2,7,10,20,24,29,34,4,8
jp_loto7,JP,2018-10-12,101,4,5,14,17,18,29,37,27,31
jp_loto7,JP,2018-10-05,100,11,15,21,26,30,34,35,4,36
jp_loto7,JP,2018-09-28,99,6,7,10,25,29,30,33,1,31
jp_loto7,JP,2018-09-21,98,13,14,15,17,23,29,31,10,19
jp_loto7,JP,2018-09-14,97,10,17,18,25,29,35,36,7,14
jp_loto7,JP,2018-09-07,96,1,2,17,19,20,22,26,30,36
jp_loto7,JP,2018-08-31,95,4,9,10,11,24,32,35,2,37
jp_loto7,JP,2018-08-24,94,7,11,15,17,19,23,31,9,37
jp_loto7,JP,2018-08-17,93,6,9,14,21,23,33,36,27,28
jp_loto7,JP,2018-08-10,92,6,7,9,11,21,23,25,1,22
jp_loto7,JP,2018-08-03,91,3,6,12,17,22,34,35,2,33
jp_loto7,JP,2018-07-27,90,8,9,15,19,24,25,35,34,37
jp_loto7,JP,2018-07-20,89,9,14,21,23,25,26,37,7,29
jp_loto7,JP,2018-07-13,88,13,15,21,23,26,32,34,5,9
jp_loto7,JP,2018-07-06,87,2,5,8,15,18,26,31,19,25
jp_loto7,JP,2018-06-29,86,1,9,15,16,19,32,35,14,31
jp_loto7,JP,2018-06-22,85,1,2,11,13,15,24,25,26,28
jp_loto7,JP,2018-06-15,84,1,9,15,24,31,33,36,2,26
jp_loto7,JP,2018-06-08,83,4,5,9,15,29,31,33,26,27
jp_loto7,JP,2018-06-01,82,8,13,18,20,23,25,26,6,28
jp_loto7,JP,2018-05-25,81,6,11,15,17,20,27,32,16,22
jp_loto7,JP,2018-05-18,80,12,13,15,19,21,24,36,10,37
jp_loto7,JP,2018-05-11,79,8,13,15,17,21,26,29,4,24
jp_loto7,JP,2018-05-04,78,1,5,11,16,27,35,36,6,14
jp_loto7,JP,2018-04-27,77,2,6,7,9,19,23,36,5,15
jp_loto7,JP,2018-04-20,76,4,14,15,17,21,23,26,7,8
jp_loto7,JP,2018-04-13,75,4,8,12,23,29,31,34,5,6
jp_loto7,JP,2018-04-06,74,5,6,15,19,22,29,32,4,31
jp_loto7,JP,2018-03-30,73,1,3,11,20,23,32,35,25,26
jp_loto7,JP,2018-03-23,72,5,15,16,26,27,32,35,23,28
jp_loto7,JP,2018-03-16,71,14,21,24,27,30,33,37,19,20
jp_loto7,JP,2018-03-09,70,1,4,11,13,15,21,32,5,10
jp_loto7,JP,2018-03-02,69,1,12,14,18,23,24,31,7,26
jp_loto7,JP,2018-02-23,68,6,7,9,12,15,17,24,26,29
jp_loto7,JP,2018-02-16,67,8,23,24,25,27,30,31,11,17
jp_loto7,JP,2018-02-09,66,1,15,20,26,28,34,37,23,30
jp_loto7,JP,2018-02-02,65,5,9,10,13,26,30,34,18,23
jp_loto7,JP,2018-01-26,64,9,20,28,29,31,34,37,5,25
jp_loto7,JP,2018-01-19,63,1,5,6,22,25,27,31,12,18
jp_loto7,JP,2018-01-12,62,10,12,13,16,34,35,36,11,37
jp_loto7,JP,2018-01-05,61,3,6,9,19,23,25,31,21,36
jp_loto7,JP,2017-12-29,60,2,8,9,11,24,26,27,7,36
jp_loto7,JP,2017-12-22,59,2,9,17,22,32,34,36,11,12
jp_loto7,JP,2017-12-15,58,6,9,13,18,20,22,30,11,14
jp_loto7,JP,2017-12-08,57,1,5,13,17,31,32,35,19,24
jp_loto7,JP,2017-12-01,56,5,11,12,19,21,26,28,4,20
jp_loto7,JP,2017-11-24,55,9,12,14,24,29,31,35,5,30
jp_loto7,JP,2017-11-17,54,8,13,17,21,23,28,37,1,14
jp_loto7,JP,2017-11-10,53,3,21,26,33,34,35,37,23,31
jp_loto7,JP,2017-11-03,52,3,4,7,19,20,21,29,8,33
jp_loto7,JP,2017-10-27,51,19,22,23,34,35,36,37,10,30
jp_loto7,JP,2017-10-20,50,2,9,13,18,21,33,34,3,11
jp_loto7,JP,2017-10-13,49,7,14,15,16,23,25,30,5,34
jp_loto7,JP,2017-10-06,48,3,13,17,25,26,27,29,8,37
jp_loto7,JP,2017-09-29,47,2,4,7,9,15,35,37,10,23
jp_loto7,JP,2017-09-22,46,4,15,18,24,25,34,36,10,26
jp_loto7,JP,2017-09-15,45,3,5,8,15,22,25,27,18,31
jp_loto7,JP,2017-09-08,44,2,3,9,30,33,36,37,1,32
jp_loto7,JP,2017-09-01,43,6,11,14,21,24,28,31,22,36
jp_loto7,JP,2017-08-25,42,2,3,7,9,22,23,26,29,30
jp_loto7,JP,2017-08-18,41,12,17,21,24,26,30,32,10,22
jp_loto7,JP,2017-08-11,40,13,15,17,18,20,21,26,25,29
jp_loto7,JP,2017-08-04,39,2,4,7,10,12,29,34,1,21
jp_loto7,JP,2017-07-28,38,10,13,19,21,26,33,34,24,25
jp_loto7,JP,2017-07-21,37,3,9,18,21,23,27,29,35,37
jp_loto7,JP,2017-07-14,36,1,2,9,11,17,30,35,13,36
jp_loto7,JP,2017-07-07,35,7,9,11,18,25,28,35,20,27
jp_loto7,JP,2017-06-30,34,6,9,13,14,21,25,31,2,4
jp_loto7,JP,2017-06-23,33,15,16,17,21,26,29,30,10,34
jp_loto7,JP,2017-06-16,32,4,6,26,27,28,35,36,24,34
jp_loto7,JP,2017-06-09,31,9,14,22,24,25,36,37,8,28
jp_loto7,JP,2017-06-02,30,11,12,13,21,29,36,37,7,9
jp_loto7,JP,2017-05-26,29,2,6,9,12,31,36,37,3,22
jp_loto7,JP,2017-05-19,28,5,13,15,18,19,24,35,20,23
jp_loto7,JP,2017-05-12,27,4,6,10,19,20,24,29,1,27
jp_loto7,JP,2017-05-05,26,7,15,22,25,31,32,35,29,36
jp_loto7,JP,2017-04-28,25,2,4,6,11,15,19,36,23,34
jp_loto7,JP,2017-04-21,24,3,4,6,13,22,31,36,28,34
jp_loto7,JP,2017-04-14,23,4,13,16,18,22,26,33,27,29
jp_loto7,JP,2017-04-07,22,4,5,10,13,28,32,33,19,26
jp_loto7,JP,2017-03-31,21,1,6,7,11,27,35,36,22,26
jp_loto7,JP,2017-03-24,20,4,5,19,31,35,36,37,27,32
jp_loto7,JP,2017-03-17,19,5,19,20,21,30,34,36,7,12
jp_loto7,JP,2017-03-10,18,6,13,17,22,32,33,36,12,28
jp_loto7,JP,2017-03-03,17,3,7,11,16,22,34,37,29,32
jp_loto7,JP,2017-02-24,16,8,11,17,24,28,31,32,12,34
jp_loto7,JP,2017-02-17,15,13,14,17,21,27,28,34,1,11
jp_loto7,JP,2017-02-10,14,1,9,17,20,22,28,29,13,16
jp_loto7,JP,2017-02-03,13,18,21,31,32,33,36,37,5,25
jp_loto7,JP,2017-01-27,12,6,8,10,12,16,21,28,14,23
jp_loto7,JP,2017-01-20,11,7,13,15,25,30,32,37,8,14
jp_loto7,JP,2017-01-13,10,4,7,12,20,23,24,31,26,35
jp_loto7,JP,2017-01-06,9,3,6,27,30,31,32,36,14,23
jp_loto7,JP,2016-12-30,8,4,6,20,21,22,24,31,9,10
jp_loto7,JP,2016-12-23,7,12,13,14,19,25,33,34,3,22
jp_loto7,JP,2016-12-16,6,8,15,21,24,26,27,29,7,30
jp_loto7,JP,2016-12-09,5,2,11,12,18,21,33,36,8,34
jp_loto7,JP,2016-12-02,4,3,7,8,10,18,23,35,1,19
jp_loto7,JP,2016-11-25,3,6,15,19,25,26,30,31,14,18
jp_loto7,JP,2016-11-18,2,4,6,10,23,24,32,36,15,31
jp_loto7,JP,2016-11-11,1,5,14,16,19,31,33,37,21,28
