lottery_id,draw_date,draw_number,main_1,main_2,main_3,main_4,main_5,supp_1
us_powerball,2026-04-27,,18,31,33,36,62,3
us_powerball,2026-04-25,,4,30,36,52,57,2
us_powerball,2026-04-22,,24,29,32,49,63,11
us_powerball,2026-04-20,,9,17,36,47,64,26
us_powerball,2026-04-18,,24,25,39,46,61,1
us_powerball,2026-04-15,,13,21,27,43,45,26
us_powerball,2026-04-13,,38,43,59,63,64,15
us_powerball,2026-04-11,,6,47,49,53,60,6
us_powerball,2026-04-08,4,3,16,17,42,52,3
us_powerball,2026-04-06,5,7,24,37,42,57,5
us_powerball,2026-04-04,6,3,6,13,41,65,1
us_powerball,2026-04-01,7,4,10,11,52,64,24
us_powerball,2026-03-30,8,7,11,31,41,57,20
us_powerball,2026-03-28,9,11,42,43,59,61,25
us_powerball,2026-03-25,10,7,21,55,56,64,26
us_powerball,2026-03-23,11,12,18,47,56,63,1
us_powerball,2026-03-21,12,12,28,36,41,59,2
us_powerball,2026-03-18,13,14,18,19,21,69,1
us_powerball,2026-03-16,14,7,10,20,47,52,20
us_powerball,2026-03-14,15,9,30,42,50,52,21
us_powerball,2026-03-11,16,3,6,55,58,63,12
us_powerball,2026-03-09,17,22,23,28,36,54,13
us_powerball,2026-03-07,18,17,18,30,50,68,24
us_powerball,2026-03-04,19,7,14,42,47,56,6
us_powerball,2026-03-02,20,2,17,18,38,62,20
us_powerball,2026-02-28,21,6,20,35,54,65,10
us_powerball,2026-02-25,22,50,52,54,56,64,23
us_powerball,2026-02-23,23,5,11,23,29,47,6
us_powerball,2026-02-21,24,27,28,36,48,49,21
us_powerball,2026-02-18,25,9,33,52,64,66,1
us_powerball,2026-02-16,26,16,18,19,56,58,6
us_powerball,2026-02-14,27,23,43,58,60,64,24
us_powerball,2026-02-11,28,6,20,33,40,48,5
us_powerball,2026-02-09,29,6,19,22,28,48,24
us_powerball,2026-02-07,30,25,36,42,51,58,6
us_powerball,2026-02-04,31,27,29,30,37,58,15
us_powerball,2026-02-02,32,3,8,31,60,65,4
us_powerball,2026-01-31,33,2,8,14,40,63,23
us_powerball,2026-01-28,34,21,35,40,46,68,11
us_powerball,2026-01-26,35,21,31,51,60,63,18
us_powerball,2026-01-24,36,2,16,35,61,63,5
us_powerball,2026-01-21,37,11,26,27,53,55,12
us_powerball,2026-01-19,38,5,28,34,37,55,17
us_powerball,2026-01-17,39,5,8,27,49,57,14
us_powerball,2026-01-14,40,6,24,39,43,51,2
us_powerball,2026-01-12,41,5,27,45,56,59,4
us_powerball,2026-01-10,42,5,19,21,28,64,14
us_powerball,2026-01-07,43,15,28,57,58,63,23
us_powerball,2026-01-05,44,4,18,24,51,56,14
us_powerball,2026-01-03,45,18,21,40,53,60,23
us_powerball,2025-12-31,46,11,18,21,24,38,26
us_powerball,2025-12-29,47,11,19,34,48,53,21
us_powerball,2025-12-27,48,5,20,34,39,62,1
us_powerball,2025-12-24,49,4,25,31,52,59,19
us_powerball,2025-12-22,50,3,18,36,41,54,7
us_powerball,2025-12-20,51,4,5,28,52,69,20
us_powerball,2025-12-17,52,25,33,53,62,66,17
us_powerball,2025-12-15,53,23,35,59,63,68,2
us_powerball,2025-12-13,54,1,28,31,57,58,16
us_powerball,2025-12-10,55,10,16,29,33,69,22
us_powerball,2025-12-08,56,8,32,52,56,64,23
us_powerball,2025-12-06,57,13,14,26,28,44,7
us_powerball,2025-12-03,58,1,14,20,46,51,26
us_powerball,2025-12-01,59,5,18,26,47,59,1
us_powerball,2025-11-29,60,19,22,30,32,59,1
us_powerball,2025-11-26,61,7,8,15,19,28,3
us_powerball,2025-11-24,62,8,16,26,30,58,14
us_powerball,2025-11-22,63,28,32,36,51,69,2
us_powerball,2025-11-19,64,10,31,49,51,68,19
us_powerball,2025-11-17,65,7,33,50,57,66,23
us_powerball,2025-11-15,66,6,7,12,47,53,21
us_powerball,2025-11-12,67,29,39,43,51,65,23
us_powerball,2025-11-10,68,6,28,44,48,58,23
us_powerball,2025-11-08,69,3,53,60,62,68,11
us_powerball,2025-11-05,70,9,17,29,61,66,26
us_powerball,2025-11-03,71,3,32,40,43,57,18
us_powerball,2025-11-01,72,2,26,43,44,62,22
us_powerball,2025-10-29,73,4,24,49,60,65,1
us_powerball,2025-10-27,74,17,39,43,51,66,20
us_powerball,2025-10-25,75,2,12,22,39,67,15
us_powerball,2025-10-22,76,18,37,52,54,60,12
us_powerball,2025-10-20,77,32,38,66,67,69,19
us_powerball,2025-10-18,78,3,11,27,40,58,10
us_powerball,2025-10-15,79,10,13,28,34,47,15
us_powerball,2025-10-13,80,13,14,32,52,64,12
us_powerball,2025-10-11,81,13,16,18,20,27,10
us_powerball,2025-10-08,82,8,10,44,48,54,14
us_powerball,2025-10-06,83,28,29,32,66,67,3
us_powerball,2025-10-04,84,3,7,47,67,68,2
us_powerball,2025-10-01,85,8,17,22,28,55,14
us_powerball,2025-09-29,86,1,3,27,60,65,16
us_powerball,2025-09-27,87,10,16,32,61,66,4
us_powerball,2025-09-24,88,15,31,45,49,53,19
us_powerball,2025-09-22,89,3,29,42,46,59,15
us_powerball,2025-09-20,90,15,29,64,66,67,4
us_powerball,2025-09-17,91,7,30,50,54,62,20
us_powerball,2025-09-15,92,14,15,32,42,49,1
us_powerball,2025-09-13,93,28,37,42,50,53,19
us_powerball,2025-09-10,94,2,24,45,53,64,5
us_powerball,2025-09-08,95,26,28,41,53,64,9
us_powerball,2025-09-06,96,11,23,44,61,62,17
us_powerball,2025-09-03,97,3,16,29,61,69,22
us_powerball,2025-09-01,98,8,23,25,40,53,5
us_powerball,2025-08-30,99,3,18,22,27,33,17
us_powerball,2025-08-27,100,9,12,22,41,61,25
us_powerball,2025-08-25,101,16,19,34,37,64,22
us_powerball,2025-08-23,102,11,14,34,47,51,18
us_powerball,2025-08-20,103,31,59,62,65,68,5
us_powerball,2025-08-18,104,15,46,61,63,64,1
us_powerball,2025-08-16,105,23,40,49,65,69,23
us_powerball,2025-08-13,106,4,11,40,44,50,4
us_powerball,2025-08-11,107,6,16,33,40,62,2
us_powerball,2025-08-09,108,7,14,23,24,60,14
us_powerball,2025-08-06,109,15,27,43,45,53,9
us_powerball,2025-08-04,110,8,9,19,31,38,21
us_powerball,2025-08-02,111,6,18,34,35,36,2
us_powerball,2025-07-30,112,4,15,35,50,64,8
us_powerball,2025-07-28,113,7,35,36,43,62,3
us_powerball,2025-07-26,114,8,31,57,65,67,23
us_powerball,2025-07-23,115,2,18,19,25,35,25
us_powerball,2025-07-21,116,8,11,28,33,42,2
us_powerball,2025-07-19,117,28,48,51,61,69,20
us_powerball,2025-07-16,118,4,21,43,48,49,22
us_powerball,2025-07-14,119,8,12,45,46,63,24
us_powerball,2025-07-12,120,8,16,24,33,54,18
us_powerball,2025-07-09,121,5,9,25,28,69,5
us_powerball,2025-07-07,122,33,35,58,61,69,25
us_powerball,2025-07-05,123,1,28,34,50,58,8
us_powerball,2025-07-02,124,7,19,21,54,63,21
us_powerball,2025-06-30,125,13,28,44,52,55,6
us_powerball,2025-06-28,126,4,35,43,52,62,12
us_powerball,2025-06-25,127,2,12,37,51,61,22
us_powerball,2025-06-23,128,5,25,42,44,65,20
us_powerball,2025-06-21,129,3,16,32,52,62,24
us_powerball,2025-06-18,130,23,29,50,64,67,11
us_powerball,2025-06-16,131,17,21,23,27,52,19
us_powerball,2025-06-14,132,4,6,9,23,59,25
us_powerball,2025-06-11,133,13,25,29,37,53,3
us_powerball,2025-06-09,134,30,33,40,43,52,25
us_powerball,2025-06-07,135,31,36,43,48,62,25
us_powerball,2025-06-04,136,5,17,23,35,45,24
us_powerball,2025-06-02,137,1,7,44,57,61,21
us_powerball,2025-05-31,138,1,29,37,56,68,13
us_powerball,2025-05-28,139,23,27,32,35,59,11
us_powerball,2025-05-26,140,13,47,52,64,67,25
us_powerball,2025-05-24,141,12,18,28,48,52,5
us_powerball,2025-05-21,142,9,29,31,34,43,2
us_powerball,2025-05-19,143,13,14,37,50,60,11
us_powerball,2025-05-17,144,7,34,40,42,52,15
us_powerball,2025-05-14,145,4,10,24,29,53,4
us_powerball,2025-05-12,146,15,16,41,48,60,21
us_powerball,2025-05-10,147,5,20,28,39,42,13
us_powerball,2025-05-07,148,14,15,30,40,59,20
us_powerball,2025-05-05,149,16,34,40,45,66,19
us_powerball,2025-05-03,150,10,21,23,35,65,24
us_powerball,2025-04-30,151,1,2,3,57,59,9
us_powerball,2025-04-28,152,26,43,51,56,60,24
us_powerball,2025-04-26,153,1,12,14,18,69,2
us_powerball,2025-04-23,154,15,44,63,66,69,20
us_powerball,2025-04-21,155,4,33,45,46,51,25
us_powerball,2025-04-19,156,7,25,37,39,63,1
us_powerball,2025-04-16,157,20,24,42,43,49,19
us_powerball,2025-04-14,158,3,20,30,52,62,1
us_powerball,2025-04-12,159,16,22,44,45,53,19
us_powerball,2025-04-09,160,4,29,37,55,67,10
us_powerball,2025-04-07,161,20,23,48,59,66,4
us_powerball,2025-04-05,162,4,23,30,46,62,2
us_powerball,2025-04-02,163,5,17,41,64,69,1
us_powerball,2025-03-31,164,12,41,44,52,64,25
us_powerball,2025-03-29,165,7,11,21,53,61,2
us_powerball,2025-03-26,166,5,20,29,39,53,6
us_powerball,2025-03-24,167,6,23,35,36,47,12
us_powerball,2025-03-22,168,6,7,25,46,57,12
us_powerball,2025-03-19,169,8,11,21,49,59,15
us_powerball,2025-03-17,170,11,18,23,38,60,9
us_powerball,2025-03-15,171,12,28,33,36,54,5
us_powerball,2025-03-12,172,11,13,28,51,58,1
us_powerball,2025-03-10,173,17,40,47,50,55,6
us_powerball,2025-03-08,174,2,4,16,23,63,13
us_powerball,2025-03-05,175,24,28,40,63,65,20
us_powerball,2025-03-03,176,18,20,50,52,56,20
us_powerball,2025-03-01,177,2,23,36,44,49,25
us_powerball,2025-02-26,178,28,48,55,60,62,20
us_powerball,2025-02-24,179,10,11,34,59,68,14
us_powerball,2025-02-22,180,7,18,22,50,65,15
us_powerball,2025-02-19,181,6,21,28,49,60,20
us_powerball,2025-02-17,182,4,44,47,52,57,9
us_powerball,2025-02-15,183,3,16,45,54,56,12
us_powerball,2025-02-12,184,21,32,36,45,49,18
us_powerball,2025-02-10,185,2,17,18,29,43,3
us_powerball,2025-02-08,186,23,44,57,60,62,9
us_powerball,2025-02-05,187,19,27,30,50,62,14
us_powerball,2025-02-03,188,12,37,47,54,60,17
us_powerball,2025-02-01,189,23,29,32,49,61,8
us_powerball,2025-01-29,190,8,12,31,33,38,18
us_powerball,2025-01-27,191,2,40,47,53,55,20
us_powerball,2025-01-25,192,8,15,17,53,66,14
us_powerball,2025-01-22,193,5,6,27,40,49,5
us_powerball,2025-01-20,194,15,16,32,47,54,6
us_powerball,2025-01-18,195,14,31,35,64,69,23
us_powerball,2025-01-15,196,8,41,52,53,58,7
us_powerball,2025-01-13,197,4,6,16,39,66,9
us_powerball,2025-01-11,198,3,6,32,37,65,4
us_powerball,2025-01-08,199,1,20,36,38,43,24
us_powerball,2025-01-06,200,17,34,46,66,67,14
us_powerball,2025-01-04,201,26,32,43,54,56,24
us_powerball,2025-01-01,202,6,12,28,35,66,26
us_powerball,2024-12-30,203,9,19,33,38,39,1
us_powerball,2024-12-28,204,6,31,51,54,55,12
us_powerball,2024-12-25,205,15,26,27,30,35,3
us_powerball,2024-12-23,206,22,42,44,57,64,18
us_powerball,2024-12-21,207,1,12,17,21,58,1
us_powerball,2024-12-18,208,6,15,18,33,49,7
us_powerball,2024-12-16,209,9,30,33,57,61,17
us_powerball,2024-12-14,210,12,17,23,52,67,1
us_powerball,2024-12-11,211,13,44,50,52,54,20
us_powerball,2024-12-09,212,35,37,40,45,51,24
us_powerball,2024-12-07,213,1,31,43,55,57,22
us_powerball,2024-12-04,214,1,23,25,28,61,13
us_powerball,2024-12-02,215,3,9,26,61,67,13
us_powerball,2024-11-30,216,4,24,29,39,63,25
us_powerball,2024-11-27,217,1,6,7,13,40,5
us_powerball,2024-11-25,218,5,35,45,60,63,12
us_powerball,2024-11-23,219,12,13,34,44,67,8
us_powerball,2024-11-20,220,16,30,60,62,64,25
us_powerball,2024-11-18,221,27,31,41,52,69,26
us_powerball,2024-11-16,222,21,22,25,32,38,16
us_powerball,2024-11-13,223,9,20,26,43,58,9
us_powerball,2024-11-11,224,3,21,24,34,46,9
us_powerball,2024-11-09,225,11,24,50,56,66,16
us_powerball,2024-11-06,226,12,17,37,58,62,4
us_powerball,2024-11-04,227,6,18,33,48,53,21
us_powerball,2024-11-02,228,10,45,48,58,61,2
us_powerball,2024-10-30,229,13,22,29,43,58,22
us_powerball,2024-10-28,230,21,27,32,48,67,17
us_powerball,2024-10-26,231,8,12,40,45,51,15
us_powerball,2024-10-23,232,2,15,27,29,39,20
us_powerball,2024-10-21,233,1,25,57,62,64,15
us_powerball,2024-10-19,234,7,16,19,45,64,25
us_powerball,2024-10-16,235,4,30,39,44,60,11
us_powerball,2024-10-14,236,14,18,33,64,67,14
us_powerball,2024-10-12,237,5,14,20,41,57,6
us_powerball,2024-10-09,238,25,32,43,53,66,10
us_powerball,2024-10-07,239,18,30,31,52,63,22
us_powerball,2024-10-05,240,2,12,46,52,65,3
us_powerball,2024-10-02,241,1,2,21,37,43,21
us_powerball,2024-09-30,242,9,11,30,43,69,20
us_powerball,2024-09-28,243,3,11,13,24,39,22
us_powerball,2024-09-25,244,2,26,45,46,52,21
us_powerball,2024-09-23,245,15,21,25,37,45,19
us_powerball,2024-09-21,246,17,19,21,37,45,14
us_powerball,2024-09-18,247,1,11,22,47,68,7
us_powerball,2024-09-16,248,8,9,11,27,31,17
us_powerball,2024-09-14,249,29,34,38,48,56,16
us_powerball,2024-09-11,250,10,12,55,65,67,3
us_powerball,2024-09-09,251,1,16,21,47,60,5
us_powerball,2024-09-07,252,14,34,37,55,63,20
us_powerball,2024-09-04,253,7,10,21,33,59,20
us_powerball,2024-09-02,254,8,42,46,48,53,22
us_powerball,2024-08-31,255,4,34,35,38,69,19
us_powerball,2024-08-28,256,5,33,47,50,64,20
us_powerball,2024-08-26,257,2,4,23,68,69,15
us_powerball,2024-08-24,258,5,15,21,24,43,17
us_powerball,2024-08-21,259,27,31,33,38,67,3
us_powerball,2024-08-19,260,1,2,15,23,28,10
us_powerball,2024-08-17,261,12,31,43,45,46,22
us_powerball,2024-08-14,262,8,9,23,29,62,13
us_powerball,2024-08-12,263,9,22,57,67,68,14
us_powerball,2024-08-10,264,9,24,33,64,69,9
us_powerball,2024-08-07,265,6,19,35,47,57,9
us_powerball,2024-08-05,266,29,42,44,51,54,12
us_powerball,2024-08-03,267,13,33,40,60,61,20
us_powerball,2024-07-31,268,23,34,37,50,58,7
us_powerball,2024-07-29,269,11,27,30,33,44,16
us_powerball,2024-07-27,270,3,31,37,40,64,17
us_powerball,2024-07-24,271,16,42,59,63,68,13
us_powerball,2024-07-22,272,31,36,56,58,69,20
us_powerball,2024-07-20,273,18,25,31,40,57,4
us_powerball,2024-07-17,274,24,27,32,47,66,26
us_powerball,2024-07-15,275,9,31,39,40,45,23
us_powerball,2024-07-13,276,9,55,59,66,69,21
us_powerball,2024-07-10,277,7,11,12,27,46,26
us_powerball,2024-07-08,278,20,22,31,33,45,1
us_powerball,2024-07-06,279,5,32,35,39,49,21
us_powerball,2024-07-03,280,2,26,33,55,57,22
us_powerball,2024-07-01,281,5,9,32,39,55,9
us_powerball,2024-06-29,282,26,51,54,61,69,25
us_powerball,2024-06-26,283,4,9,36,47,56,7
us_powerball,2024-06-24,284,5,6,36,53,69,8
us_powerball,2024-06-22,285,4,5,15,32,62,21
us_powerball,2024-06-19,286,4,27,44,50,64,7
us_powerball,2024-06-17,287,30,48,53,58,66,9
us_powerball,2024-06-15,288,4,36,48,54,56,2
us_powerball,2024-06-12,289,19,30,31,61,62,21
us_powerball,2024-06-10,290,3,10,33,58,59,9
us_powerball,2024-06-08,291,8,38,52,54,64,15
us_powerball,2024-06-05,292,8,44,45,51,69,12
us_powerball,2024-06-03,293,19,29,35,36,45,16
us_powerball,2024-06-01,294,28,38,52,54,68,8
us_powerball,2024-05-29,295,17,34,56,60,61,9
us_powerball,2024-05-27,296,9,30,39,49,59,21
us_powerball,2024-05-25,297,6,33,35,36,64,24
us_powerball,2024-05-22,298,5,16,18,26,67,4
us_powerball,2024-05-20,299,1,7,48,64,68,5
us_powerball,2024-05-18,300,19,36,37,42,59,19
us_powerball,2024-05-15,301,19,42,45,55,69,6
us_powerball,2024-05-13,302,5,14,29,38,66,1
us_powerball,2024-05-11,303,3,6,39,49,67,21
us_powerball,2024-05-08,304,7,41,43,44,51,5
us_powerball,2024-05-06,305,7,23,24,56,60,25
us_powerball,2024-05-04,306,14,20,23,53,69,4
us_powerball,2024-05-01,307,1,11,19,21,68,15
us_powerball,2024-04-29,308,11,38,47,67,69,14
us_powerball,2024-04-27,309,9,30,53,55,62,23
us_powerball,2024-04-24,310,2,20,22,26,47,21
us_powerball,2024-04-22,311,12,16,33,39,52,1
us_powerball,2024-04-20,312,4,35,41,44,58,25
us_powerball,2024-04-17,313,24,29,44,47,54,2
us_powerball,2024-04-15,314,7,16,41,56,61,23
us_powerball,2024-04-13,315,7,33,40,43,69,10
us_powerball,2024-04-10,316,6,7,12,24,36,15
us_powerball,2024-04-08,317,6,21,23,39,54,23
us_powerball,2024-04-06,318,22,27,44,52,69,9
us_powerball,2024-04-03,319,11,38,41,62,65,15
us_powerball,2024-04-01,320,19,24,40,42,56,23
us_powerball,2024-03-30,321,12,13,33,50,52,23
us_powerball,2024-03-27,322,37,46,57,60,66,8
us_powerball,2024-03-25,323,7,11,19,53,68,23
us_powerball,2024-03-23,324,6,23,25,34,51,3
us_powerball,2024-03-20,325,13,22,27,54,66,9
us_powerball,2024-03-18,326,10,17,20,39,44,16
us_powerball,2024-03-16,327,12,23,44,57,61,5
us_powerball,2024-03-13,328,21,29,54,59,62,4
us_powerball,2024-03-11,329,1,3,7,16,66,5
us_powerball,2024-03-09,330,30,36,49,52,63,16
us_powerball,2024-03-06,331,6,19,28,44,60,10
us_powerball,2024-03-04,332,36,42,50,52,67,26
us_powerball,2024-03-02,333,3,18,27,36,53,12
us_powerball,2024-02-28,334,16,26,29,38,50,6
us_powerball,2024-02-26,335,24,29,42,51,54,16
us_powerball,2024-02-24,336,3,8,40,53,58,3
us_powerball,2024-02-21,337,4,27,33,41,42,14
us_powerball,2024-02-19,338,4,23,45,50,53,17
us_powerball,2024-02-17,339,6,28,59,62,69,21
us_powerball,2024-02-14,340,1,4,45,47,67,18
us_powerball,2024-02-12,341,17,36,43,53,67,14
us_powerball,2024-02-10,342,27,28,34,37,44,8
us_powerball,2024-02-07,343,12,21,62,67,69,17
us_powerball,2024-02-05,344,1,2,27,30,67,9
us_powerball,2024-02-03,345,9,11,27,59,66,19
us_powerball,2024-01-31,346,15,18,19,41,43,14
us_powerball,2024-01-29,347,39,41,43,49,64,4
us_powerball,2024-01-27,348,7,38,65,66,68,21
us_powerball,2024-01-24,349,1,5,32,50,64,8
us_powerball,2024-01-22,350,24,25,43,52,63,21
us_powerball,2024-01-20,351,16,31,34,47,65,10
us_powerball,2024-01-17,352,18,22,43,61,65,2
us_powerball,2024-01-15,353,13,30,35,49,59,4
us_powerball,2024-01-13,354,13,31,33,51,58,15
us_powerball,2024-01-10,355,25,40,43,48,50,11
us_powerball,2024-01-08,356,7,17,28,40,45,2
us_powerball,2024-01-06,357,4,31,34,38,61,13
us_powerball,2024-01-03,358,30,31,38,48,68,8
us_powerball,2024-01-01,359,12,21,42,44,49,1
us_powerball,2023-12-30,360,10,11,26,27,34,7
us_powerball,2023-12-27,361,4,11,38,51,68,5
us_powerball,2023-12-25,362,5,12,20,24,29,4
us_powerball,2023-12-23,363,9,14,17,18,53,6
us_powerball,2023-12-20,364,27,35,41,56,60,16
us_powerball,2023-12-18,365,5,8,19,34,39,26
us_powerball,2023-12-16,366,3,9,10,20,62,25
us_powerball,2023-12-13,367,3,8,41,56,64,18
us_powerball,2023-12-11,368,1,24,27,31,62,20
us_powerball,2023-12-09,369,5,25,26,40,60,1
us_powerball,2023-12-06,370,2,12,37,56,65,21
us_powerball,2023-12-04,371,18,19,27,28,45,9
us_powerball,2023-12-02,372,28,35,41,47,60,3
us_powerball,2023-11-29,373,6,47,50,61,68,4
us_powerball,2023-11-27,374,2,21,38,61,66,12
us_powerball,2023-11-25,375,27,33,63,66,68,9
us_powerball,2023-11-22,376,20,24,33,39,42,21
us_powerball,2023-11-20,377,19,26,30,39,63,13
us_powerball,2023-11-18,378,34,50,51,61,67,20
us_powerball,2023-11-15,379,3,4,51,53,60,6
us_powerball,2023-11-13,380,24,33,35,37,42,21
us_powerball,2023-11-11,381,1,12,14,24,57,7
us_powerball,2023-11-08,382,14,21,33,39,62,20
us_powerball,2023-11-06,383,12,25,40,59,61,26
us_powerball,2023-11-04,384,1,28,30,34,52,6
us_powerball,2023-11-01,385,22,26,39,47,63,12
us_powerball,2023-10-30,386,19,22,34,66,69,5
us_powerball,2023-10-28,387,14,24,50,59,64,2
us_powerball,2023-10-25,388,25,27,41,53,68,2
us_powerball,2023-10-23,389,18,21,25,46,64,21
us_powerball,2023-10-21,390,6,15,24,67,68,11
us_powerball,2023-10-18,391,1,4,13,35,58,24
us_powerball,2023-10-16,392,2,27,31,44,64,18
us_powerball,2023-10-14,393,14,16,42,48,64,14
us_powerball,2023-10-11,394,22,24,40,52,64,10
us_powerball,2023-10-09,395,16,34,46,55,67,14
us_powerball,2023-10-07,396,47,54,57,60,65,19
us_powerball,2023-10-04,397,9,35,54,63,64,1
us_powerball,2023-10-02,398,12,26,27,43,47,5
us_powerball,2023-09-30,399,19,30,37,44,46,22
us_powerball,2023-09-27,400,1,7,46,47,63,7
us_powerball,2023-09-25,401,10,12,22,36,50,4
us_powerball,2023-09-23,402,1,12,20,33,66,21
us_powerball,2023-09-20,403,16,27,59,62,63,23
us_powerball,2023-09-18,404,2,21,26,40,42,9
us_powerball,2023-09-16,405,8,11,19,24,46,5
us_powerball,2023-09-13,406,22,30,37,44,45,18
us_powerball,2023-09-11,407,9,25,27,53,66,5
us_powerball,2023-09-09,408,11,19,29,63,68,25
us_powerball,2023-09-06,409,9,14,20,23,63,1
us_powerball,2023-09-04,410,1,26,32,46,51,13
us_powerball,2023-09-02,411,25,38,42,66,67,19
us_powerball,2023-08-30,412,4,13,35,61,69,4
us_powerball,2023-08-28,413,4,6,25,55,68,26
us_powerball,2023-08-26,414,20,22,26,28,63,5
us_powerball,2023-08-23,415,25,30,32,33,55,20
us_powerball,2023-08-21,416,3,4,12,22,28,16
us_powerball,2023-08-19,417,1,25,27,38,62,13
us_powerball,2023-08-16,418,9,11,17,19,55,1
us_powerball,2023-08-14,419,32,34,37,39,47,3
us_powerball,2023-08-12,420,19,21,37,50,65,26
us_powerball,2023-08-09,421,10,15,21,67,69,3
us_powerball,2023-08-07,422,6,13,20,35,54,22
us_powerball,2023-08-05,423,18,42,44,62,65,23
us_powerball,2023-08-02,424,23,24,33,51,64,5
us_powerball,2023-07-31,425,2,11,48,58,65,13
us_powerball,2023-07-29,426,10,25,27,34,38,2
us_powerball,2023-07-26,427,3,16,40,48,60,14
us_powerball,2023-07-24,428,3,4,12,28,49,25
us_powerball,2023-07-22,429,25,27,36,37,63,7
us_powerball,2023-07-19,430,7,10,11,13,24,24
us_powerball,2023-07-17,431,5,8,9,17,41,21
us_powerball,2023-07-15,432,2,9,43,55,57,18
us_powerball,2023-07-12,433,23,35,45,66,67,20
us_powerball,2023-07-10,434,2,24,34,53,58,13
us_powerball,2023-07-08,435,7,23,24,32,43,18
us_powerball,2023-07-05,436,17,24,48,62,68,23
us_powerball,2023-07-03,437,15,26,31,38,61,3
us_powerball,2023-07-01,438,4,17,35,49,61,8
us_powerball,2023-06-28,439,19,25,34,57,68,4
us_powerball,2023-06-26,440,6,28,39,43,54,12
us_powerball,2023-06-24,441,2,38,44,50,62,19
us_powerball,2023-06-21,442,5,11,33,35,63,14
us_powerball,2023-06-19,443,36,39,52,57,69,1
us_powerball,2023-06-17,444,2,12,45,61,64,26
us_powerball,2023-06-14,445,3,20,36,42,64,4
us_powerball,2023-06-12,446,2,3,16,23,68,7
us_powerball,2023-06-10,447,21,32,42,46,50,4
us_powerball,2023-06-07,448,16,21,29,53,66,2
us_powerball,2023-06-05,449,2,31,45,46,49,20
us_powerball,2023-06-03,450,15,45,64,67,68,18
us_powerball,2023-05-31,451,2,4,54,61,62,14
us_powerball,2023-05-29,452,21,33,35,62,64,24
us_powerball,2023-05-27,453,24,38,39,48,56,4
us_powerball,2023-05-24,454,12,21,44,50,58,26
us_powerball,2023-05-22,455,9,38,48,52,68,25
us_powerball,2023-05-20,456,17,23,32,38,63,23
us_powerball,2023-05-17,457,18,34,37,45,51,14
us_powerball,2023-05-15,458,1,26,28,55,58,25
us_powerball,2023-05-13,459,3,15,20,23,46,11
us_powerball,2023-05-10,460,21,24,33,55,69,3
us_powerball,2023-05-08,461,15,20,33,36,43,12
us_powerball,2023-05-06,462,31,39,47,51,53,6
us_powerball,2023-05-03,463,21,26,30,45,47,23
us_powerball,2023-05-01,464,3,38,55,61,66,1
us_powerball,2023-04-29,465,16,53,54,57,65,8
us_powerball,2023-04-26,466,2,15,30,35,49,6
us_powerball,2023-04-24,467,19,21,55,66,68,3
us_powerball,2023-04-22,468,17,36,47,63,68,25
us_powerball,2023-04-19,469,4,11,21,38,64,11
us_powerball,2023-04-17,470,23,25,35,63,64,25
us_powerball,2023-04-15,471,1,33,34,56,59,18
us_powerball,2023-04-12,472,9,36,41,44,59,4
us_powerball,2023-04-10,473,9,10,36,46,52,14
us_powerball,2023-04-08,474,11,22,24,51,60,18
us_powerball,2023-04-05,475,3,5,9,42,52,11
us_powerball,2023-04-03,476,16,30,31,54,68,1
us_powerball,2023-04-01,477,11,19,21,29,52,17
us_powerball,2023-03-29,478,4,9,24,46,66,7
us_powerball,2023-03-27,479,19,26,36,43,58,14
us_powerball,2023-03-25,480,15,17,18,47,57,19
us_powerball,2023-03-22,481,27,28,37,50,57,5
us_powerball,2023-03-20,482,1,27,32,47,67,14
us_powerball,2023-03-18,483,14,20,30,54,69,11
us_powerball,2023-03-15,484,16,18,33,37,50,8
us_powerball,2023-03-13,485,3,10,24,46,63,4
us_powerball,2023-03-11,486,11,20,33,43,58,24
us_powerball,2023-03-08,487,26,27,43,61,69,4
us_powerball,2023-03-06,488,2,13,29,58,69,4
us_powerball,2023-03-04,489,10,16,18,40,66,16
us_powerball,2023-03-01,490,2,9,28,36,53,4
us_powerball,2023-02-27,491,16,28,49,51,55,23
us_powerball,2023-02-25,492,11,24,58,66,67,26
us_powerball,2023-02-22,493,11,19,39,44,65,7
us_powerball,2023-02-20,494,3,17,26,38,54,15
us_powerball,2023-02-18,495,8,21,31,32,37,23
us_powerball,2023-02-15,496,31,32,54,60,63,12
us_powerball,2023-02-13,497,17,26,37,61,65,2
us_powerball,2023-02-11,498,10,23,30,54,65,11
us_powerball,2023-02-08,499,52,58,59,64,66,9
us_powerball,2023-02-06,500,5,11,22,23,69,7
us_powerball,2023-02-04,501,2,8,15,19,58,10
us_powerball,2023-02-01,502,31,43,58,59,66,9
us_powerball,2023-01-30,503,1,4,12,36,49,5
us_powerball,2023-01-28,504,2,18,23,27,47,15
us_powerball,2023-01-25,505,9,17,20,38,40,18
us_powerball,2023-01-23,506,12,31,47,58,60,23
us_powerball,2023-01-21,507,5,14,19,46,64,22
us_powerball,2023-01-18,508,6,15,22,42,47,26
us_powerball,2023-01-16,509,4,14,33,39,61,3
us_powerball,2023-01-14,510,24,26,39,47,57,23
us_powerball,2023-01-11,511,4,8,46,47,48,5
us_powerball,2023-01-09,512,18,43,48,60,69,14
us_powerball,2023-01-07,513,35,36,44,45,67,14
us_powerball,2023-01-04,514,12,32,56,67,68,26
us_powerball,2023-01-02,515,7,9,12,31,62,22
us_powerball,2022-12-31,516,18,37,44,50,64,11
us_powerball,2022-12-28,517,26,32,38,45,56,1
us_powerball,2022-12-26,518,17,41,47,60,61,17
us_powerball,2022-12-24,519,17,37,46,54,67,8
us_powerball,2022-12-21,520,12,15,24,34,59,14
us_powerball,2022-12-19,521,7,37,55,65,67,12
us_powerball,2022-12-17,522,33,56,64,66,68,12
us_powerball,2022-12-14,523,36,51,59,66,68,25
us_powerball,2022-12-12,524,16,31,50,55,61,9
us_powerball,2022-12-10,525,9,23,47,49,68,19
us_powerball,2022-12-07,526,6,28,44,59,61,21
us_powerball,2022-12-05,527,35,45,47,54,55,14
us_powerball,2022-12-03,528,6,13,33,36,37,7
us_powerball,2022-11-30,529,4,19,24,47,66,10
us_powerball,2022-11-28,530,29,30,32,48,50,20
us_powerball,2022-11-26,531,15,30,47,50,51,3
us_powerball,2022-11-23,532,1,2,31,39,66,25
us_powerball,2022-11-21,533,1,6,40,51,67,2
us_powerball,2022-11-19,534,7,28,62,63,64,10
us_powerball,2022-11-16,535,28,34,51,53,56,11
us_powerball,2022-11-14,536,19,35,53,54,67,21
us_powerball,2022-11-12,537,16,20,44,57,58,6
us_powerball,2022-11-09,538,7,14,24,30,56,7
us_powerball,2022-11-05,539,28,45,53,56,69,20
us_powerball,2022-11-02,540,2,11,22,35,60,23
us_powerball,2022-10-31,541,13,19,36,39,59,13
us_powerball,2022-10-29,542,19,31,40,46,57,23
us_powerball,2022-10-26,543,19,36,37,46,56,24
us_powerball,2022-10-24,544,18,23,35,45,54,16
us_powerball,2022-10-22,545,19,25,48,55,60,18
us_powerball,2022-10-19,546,6,8,15,27,42,10
us_powerball,2022-10-17,547,19,30,36,46,60,25
us_powerball,2022-10-15,548,32,37,40,58,62,15
us_powerball,2022-10-12,549,14,30,41,42,59,6
us_powerball,2022-10-10,550,3,6,11,17,22,11
us_powerball,2022-10-08,551,13,43,53,60,68,5
us_powerball,2022-10-05,552,26,30,33,37,62,6
us_powerball,2022-10-03,553,2,16,22,55,63,22
us_powerball,2022-10-01,554,8,21,22,65,69,26
us_powerball,2022-09-28,555,6,10,24,33,67,11
us_powerball,2022-09-26,556,13,20,31,33,59,20
us_powerball,2022-09-24,557,3,9,21,24,29,14
us_powerball,2022-09-21,558,6,33,34,45,54,7
us_powerball,2022-09-19,559,7,15,36,46,67,7
us_powerball,2022-09-17,560,5,25,36,51,61,1
us_powerball,2022-09-14,561,9,10,20,22,52,25
us_powerball,2022-09-12,562,6,14,16,34,66,25
us_powerball,2022-09-10,563,38,42,56,68,69,4
us_powerball,2022-09-07,564,3,16,30,33,36,20
us_powerball,2022-09-05,565,4,7,32,55,64,25
us_powerball,2022-09-03,566,18,27,49,65,69,9
us_powerball,2022-08-31,567,7,8,19,24,28,1
us_powerball,2022-08-29,568,13,36,43,61,69,18
us_powerball,2022-08-27,569,2,18,56,60,65,14
us_powerball,2022-08-24,570,6,24,35,37,44,22
us_powerball,2022-08-22,571,12,27,34,55,67,9
us_powerball,2022-08-20,572,5,9,11,16,66,7
us_powerball,2022-08-17,573,23,28,41,50,55,24
us_powerball,2022-08-15,574,20,24,47,50,63,5
us_powerball,2022-08-13,575,19,24,35,43,62,2
us_powerball,2022-08-10,576,29,44,59,61,68,19
us_powerball,2022-08-08,577,32,45,51,57,58,12
us_powerball,2022-08-06,578,8,15,46,56,68,3
us_powerball,2022-08-03,579,9,21,56,57,66,11
us_powerball,2022-08-01,580,15,21,31,36,65,16
us_powerball,2022-07-30,581,4,17,57,58,68,12
us_powerball,2022-07-27,582,1,25,44,55,57,26
us_powerball,2022-07-25,583,25,37,38,39,65,5
us_powerball,2022-07-23,584,39,41,54,59,62,12
us_powerball,2022-07-20,585,10,20,23,49,65,22
us_powerball,2022-07-18,586,14,34,36,50,58,5
us_powerball,2022-07-16,587,3,18,23,32,57,21
us_powerball,2022-07-13,588,22,23,36,47,63,2
us_powerball,2022-07-11,589,4,26,34,37,52,9
us_powerball,2022-07-09,590,14,22,42,46,52,24
us_powerball,2022-07-06,591,32,36,49,62,69,13
us_powerball,2022-07-04,592,15,16,24,31,56,4
us_powerball,2022-07-02,593,9,10,37,59,62,26
us_powerball,2022-06-29,594,8,40,49,58,63,14
us_powerball,2022-06-27,595,11,13,18,30,37,16
us_powerball,2022-06-25,596,6,12,20,27,32,4
us_powerball,2022-06-22,597,6,10,31,48,56,12
us_powerball,2022-06-20,598,3,44,61,63,69,13
us_powerball,2022-06-18,599,10,19,40,45,58,25
us_powerball,2022-06-15,600,19,28,41,42,51,7
us_powerball,2022-06-13,601,2,27,42,44,51,25
us_powerball,2022-06-11,602,18,20,26,53,69,5
us_powerball,2022-06-08,603,22,39,43,62,64,7
us_powerball,2022-06-06,604,2,10,35,44,46,4
us_powerball,2022-06-04,605,14,16,36,52,60,16
us_powerball,2022-06-01,606,11,41,56,57,63,2
us_powerball,2022-05-30,607,27,28,51,68,69,22
us_powerball,2022-05-28,608,2,39,50,61,66,15
us_powerball,2022-05-25,609,19,28,39,42,57,17
us_powerball,2022-05-23,610,1,33,37,39,42,26
us_powerball,2022-05-21,611,14,15,25,52,58,11
us_powerball,2022-05-18,612,40,41,58,64,65,17
us_powerball,2022-05-16,613,7,15,22,36,64,13
us_powerball,2022-05-14,614,6,40,41,45,52,9
us_powerball,2022-05-11,615,5,7,61,63,69,18
us_powerball,2022-05-09,616,18,30,35,52,56,5
us_powerball,2022-05-07,617,4,5,6,28,67,10
us_powerball,2022-05-04,618,37,39,55,63,69,23
us_powerball,2022-05-02,619,18,27,33,39,44,8
us_powerball,2022-04-30,620,14,21,37,44,63,1
us_powerball,2022-04-27,621,11,36,61,62,68,4
us_powerball,2022-04-25,622,12,18,20,39,61,10
us_powerball,2022-04-23,623,10,39,47,49,56,8
us_powerball,2022-04-20,624,20,30,45,55,56,14
us_powerball,2022-04-18,625,8,33,55,59,62,18
us_powerball,2022-04-16,626,15,21,32,62,65,26
us_powerball,2022-04-13,627,14,16,41,63,68,26
us_powerball,2022-04-11,628,5,7,24,31,34,4
us_powerball,2022-04-06,629,6,42,45,47,64,18
us_powerball,2022-04-04,630,2,32,39,46,69,6
us_powerball,2022-04-02,631,6,28,47,58,59,18
us_powerball,2022-03-30,632,3,7,21,31,37,11
us_powerball,2022-03-28,633,11,18,39,58,62,3
us_powerball,2022-03-26,634,2,10,50,59,61,6
us_powerball,2022-03-23,635,31,32,37,38,48,24
us_powerball,2022-03-21,636,1,15,26,63,65,16
us_powerball,2022-03-19,637,8,9,18,48,52,6
us_powerball,2022-03-16,638,3,28,34,35,58,17
us_powerball,2022-03-14,639,21,28,32,44,49,6
us_powerball,2022-03-09,640,13,22,34,51,67,10
us_powerball,2022-03-07,641,10,43,55,59,67,2
us_powerball,2022-03-05,642,8,23,37,52,63,13
us_powerball,2022-03-02,643,19,37,48,61,63,12
us_powerball,2022-02-28,644,7,21,39,47,55,19
us_powerball,2022-02-26,645,15,32,36,48,64,19
us_powerball,2022-02-23,646,6,17,21,35,64,18
us_powerball,2022-02-21,647,2,36,37,45,69,3
us_powerball,2022-02-19,648,3,10,15,33,42,11
us_powerball,2022-02-16,649,22,30,40,42,48,16
us_powerball,2022-02-14,650,16,25,27,49,55,17
us_powerball,2022-02-12,651,8,10,21,41,62,7
us_powerball,2022-02-09,652,2,17,33,51,63,26
us_powerball,2022-02-07,653,5,15,38,47,65,10
us_powerball,2022-02-05,654,5,16,27,39,61,24
us_powerball,2022-02-02,655,18,29,33,62,63,15
us_powerball,2022-01-31,656,10,15,51,61,69,14
us_powerball,2022-01-29,657,2,15,38,54,65,11
us_powerball,2022-01-26,658,4,11,38,49,69,16
us_powerball,2022-01-24,659,11,29,30,47,53,16
us_powerball,2022-01-22,660,8,14,33,36,67,17
us_powerball,2022-01-19,661,11,15,43,55,61,10
us_powerball,2022-01-17,662,9,24,35,46,65,22
us_powerball,2022-01-15,663,3,18,37,51,59,13
us_powerball,2022-01-12,664,12,21,22,30,33,24
us_powerball,2022-01-10,665,14,17,18,21,27,9
us_powerball,2022-01-08,666,20,21,36,60,65,13
us_powerball,2022-01-05,667,6,14,25,33,46,17
us_powerball,2022-01-03,668,2,13,32,33,48,22
us_powerball,2022-01-01,669,6,12,39,48,50,7
us_powerball,2021-12-29,670,2,6,9,33,39,11
us_powerball,2021-12-27,671,36,38,45,62,64,19
us_powerball,2021-12-25,672,27,29,45,55,58,2
us_powerball,2021-12-22,673,7,16,19,48,68,15
us_powerball,2021-12-20,674,2,13,23,34,66,2
us_powerball,2021-12-18,675,2,6,24,51,61,1
us_powerball,2021-12-15,676,19,20,40,42,59,15
us_powerball,2021-12-13,677,10,30,37,53,59,4
us_powerball,2021-12-11,678,3,25,44,53,64,10
us_powerball,2021-12-08,679,3,7,33,50,69,24
us_powerball,2021-12-06,680,3,21,38,50,59,6
us_powerball,2021-12-04,681,10,40,45,56,67,2
us_powerball,2021-12-01,682,12,15,38,57,63,24
us_powerball,2021-11-29,683,18,26,28,38,47,17
us_powerball,2021-11-27,684,8,32,55,64,66,10
us_powerball,2021-11-24,685,10,16,32,63,65,17
us_powerball,2021-11-22,686,7,20,29,38,67,22
us_powerball,2021-11-20,687,40,43,48,59,69,19
us_powerball,2021-11-17,688,3,16,48,52,60,1
us_powerball,2021-11-15,689,5,31,34,51,53,23
us_powerball,2021-11-13,690,8,15,26,35,45,9
us_powerball,2021-11-10,691,19,25,43,46,48,14
us_powerball,2021-11-08,692,21,46,47,57,62,8
us_powerball,2021-11-06,693,8,30,48,57,64,9
us_powerball,2021-11-03,694,1,2,24,50,57,26
us_powerball,2021-11-01,695,9,25,34,44,45,8
us_powerball,2021-10-30,696,5,23,28,43,56,19
us_powerball,2021-10-27,697,3,6,26,35,51,17
us_powerball,2021-10-25,698,10,27,29,44,58,24
us_powerball,2021-10-23,699,10,30,51,57,63,20
us_powerball,2021-10-20,700,7,29,36,41,43,5
us_powerball,2021-10-18,701,30,32,48,53,63,12
us_powerball,2021-10-16,702,30,31,41,42,48,3
us_powerball,2021-10-13,703,23,29,47,59,60,15
us_powerball,2021-10-11,704,11,20,33,39,65,24
us_powerball,2021-10-09,705,12,17,30,45,62,5
us_powerball,2021-10-06,706,1,17,52,58,64,1
us_powerball,2021-10-04,707,12,22,54,66,69,15
us_powerball,2021-10-02,708,28,38,42,47,52,1
us_powerball,2021-09-29,709,2,7,11,17,32,11
us_powerball,2021-09-27,710,21,22,39,44,60,12
us_powerball,2021-09-25,711,22,23,37,62,63,19
us_powerball,2021-09-22,712,20,40,47,55,63,5
us_powerball,2021-09-20,713,37,51,54,58,60,19
us_powerball,2021-09-18,714,5,36,39,45,57,11
us_powerball,2021-09-15,715,1,4,18,46,62,25
us_powerball,2021-09-13,716,37,40,50,61,63,21
us_powerball,2021-09-11,717,20,31,38,40,49,21
us_powerball,2021-09-08,718,9,22,41,47,61,21
us_powerball,2021-09-06,719,11,20,22,33,54,24
us_powerball,2021-09-04,720,32,35,40,52,54,1
us_powerball,2021-09-01,721,10,20,29,48,51,17
us_powerball,2021-08-30,722,3,15,45,51,61,8
us_powerball,2021-08-28,723,12,22,26,46,59,26
us_powerball,2021-08-25,724,27,39,54,56,59,24
us_powerball,2021-08-23,725,17,36,47,60,61,15
us_powerball,2021-08-21,726,16,28,36,39,59,4
us_powerball,2021-08-18,727,35,36,51,55,61,26
us_powerball,2021-08-14,728,6,21,49,65,67,18
us_powerball,2021-08-11,729,12,18,20,29,30,16
us_powerball,2021-08-07,730,7,24,36,54,60,23
us_powerball,2021-08-04,731,5,21,32,36,58,14
us_powerball,2021-07-31,732,1,21,22,34,47,4
us_powerball,2021-07-28,733,25,30,53,59,60,5
us_powerball,2021-07-24,734,1,4,11,59,67,10
us_powerball,2021-07-21,735,27,28,44,67,68,11
us_powerball,2021-07-17,736,15,22,38,54,66,3
us_powerball,2021-07-14,737,33,46,52,59,62,10
us_powerball,2021-07-10,738,1,5,29,54,62,3
us_powerball,2021-07-07,739,8,21,30,49,57,8
us_powerball,2021-07-03,740,26,40,41,55,65,24
us_powerball,2021-06-30,741,24,29,50,65,66,14
us_powerball,2021-06-26,742,8,31,39,43,60,17
us_powerball,2021-06-23,743,13,20,40,51,63,1
us_powerball,2021-06-19,744,4,22,35,38,39,20
us_powerball,2021-06-16,745,19,29,34,44,50,25
us_powerball,2021-06-12,746,8,25,34,38,41,10
us_powerball,2021-06-09,747,19,28,46,50,54,9
us_powerball,2021-06-05,748,44,52,54,64,69,26
us_powerball,2021-06-02,749,6,7,11,66,67,19
us_powerball,2021-05-29,750,11,13,22,27,46,20
us_powerball,2021-05-26,751,2,8,21,34,62,16
us_powerball,2021-05-22,752,3,19,27,37,40,8
us_powerball,2021-05-19,753,11,13,55,56,69,4
us_powerball,2021-05-15,754,4,10,37,39,69,24
us_powerball,2021-05-12,755,1,19,20,38,54,17
us_powerball,2021-05-08,756,12,17,20,21,26,8
us_powerball,2021-05-05,757,16,23,28,40,63,1
us_powerball,2021-05-01,758,35,36,47,61,63,3
us_powerball,2021-04-24,759,22,36,48,59,61,22
us_powerball,2021-04-21,760,21,25,32,63,67,6
us_powerball,2021-04-17,761,10,21,26,41,49,25
us_powerball,2021-04-14,762,13,30,33,45,61,14
us_powerball,2021-04-10,763,14,16,23,50,53,3
us_powerball,2021-04-07,764,27,35,39,51,66,16
us_powerball,2021-04-03,765,1,12,17,39,53,5
us_powerball,2021-03-31,766,3,10,44,55,68,24
us_powerball,2021-03-27,767,6,14,38,39,65,6
us_powerball,2021-03-24,768,4,9,17,27,38,18
us_powerball,2021-03-20,769,1,6,22,42,61,4
us_powerball,2021-03-17,770,34,38,42,61,62,19
us_powerball,2021-03-13,771,5,11,51,56,61,2
us_powerball,2021-03-10,772,17,18,37,44,53,18
us_powerball,2021-03-06,773,11,31,50,52,58,18
us_powerball,2021-03-03,774,21,40,44,50,55,16
us_powerball,2021-02-27,775,2,28,31,44,52,18
us_powerball,2021-02-24,776,4,33,43,53,65,21
us_powerball,2021-02-20,777,4,8,22,32,58,4
us_powerball,2021-02-17,778,1,15,21,32,46,1
us_powerball,2021-02-13,779,20,28,33,63,68,20
us_powerball,2021-02-10,780,15,39,58,63,67,7
us_powerball,2021-02-06,781,1,16,48,49,65,8
us_powerball,2021-02-03,782,5,37,40,64,66,5
us_powerball,2021-01-30,783,1,2,7,52,61,4
us_powerball,2021-01-27,784,17,33,35,42,52,9
us_powerball,2021-01-23,785,5,8,17,27,28,14
us_powerball,2021-01-20,786,40,53,60,68,69,22
us_powerball,2021-01-16,787,14,20,39,65,67,2
us_powerball,2021-01-13,788,4,19,23,25,49,14
us_powerball,2021-01-09,789,14,26,38,45,46,13
us_powerball,2021-01-06,790,1,20,22,60,66,3
us_powerball,2021-01-02,791,3,4,11,41,67,5
us_powerball,2020-12-30,792,3,43,45,61,65,14
us_powerball,2020-12-26,793,10,24,27,35,53,18
us_powerball,2020-12-23,794,6,13,38,39,53,6
us_powerball,2020-12-19,795,27,32,34,43,52,13
us_powerball,2020-12-16,796,4,23,37,61,67,7
us_powerball,2020-12-12,797,17,54,56,63,69,20
us_powerball,2020-12-09,798,11,14,31,47,48,4
us_powerball,2020-12-05,799,3,4,6,48,53,10
us_powerball,2020-12-02,800,28,31,40,41,46,4
us_powerball,2020-11-28,801,8,12,18,44,51,18
us_powerball,2020-11-25,802,2,57,58,60,65,26
us_powerball,2020-11-21,803,51,54,57,60,69,11
us_powerball,2020-11-18,804,4,5,17,43,52,5
us_powerball,2020-11-14,805,7,15,18,32,45,20
us_powerball,2020-11-11,806,13,15,17,45,63,13
us_powerball,2020-11-07,807,14,16,37,48,58,18
us_powerball,2020-11-04,808,23,32,33,45,49,14
us_powerball,2020-10-31,809,2,6,40,42,55,24
us_powerball,2020-10-28,810,11,28,37,40,53,13
us_powerball,2020-10-24,811,18,20,27,45,65,6
us_powerball,2020-10-21,812,1,3,13,44,56,26
us_powerball,2020-10-17,813,6,10,31,37,44,23
us_powerball,2020-10-14,814,21,37,52,53,58,5
us_powerball,2020-10-10,815,5,18,23,40,50,18
us_powerball,2020-10-07,816,6,24,30,53,56,19
us_powerball,2020-10-03,817,18,31,36,43,47,20
us_powerball,2020-09-30,818,14,18,36,49,67,18
us_powerball,2020-09-26,819,11,21,27,36,62,24
us_powerball,2020-09-23,820,8,17,49,52,59,1
us_powerball,2020-09-19,821,11,14,23,47,57,14
us_powerball,2020-09-16,822,10,17,31,51,53,1
us_powerball,2020-09-12,823,16,17,20,53,67,4
us_powerball,2020-09-09,824,27,52,55,60,64,21
us_powerball,2020-09-05,825,15,21,22,27,47,7
us_powerball,2020-09-02,826,1,4,11,20,69,18
us_powerball,2020-08-29,827,5,21,22,29,43,10
us_powerball,2020-08-26,828,8,12,19,47,58,2
us_powerball,2020-08-22,829,19,30,36,42,66,14
us_powerball,2020-08-19,830,13,23,47,55,58,23
us_powerball,2020-08-15,831,5,12,34,45,56,3
us_powerball,2020-08-12,832,2,6,18,36,37,21
us_powerball,2020-08-08,833,2,3,14,40,51,24
us_powerball,2020-08-05,834,7,14,17,57,65,24
us_powerball,2020-08-01,835,6,25,36,43,48,24
us_powerball,2020-07-29,836,7,29,35,40,45,26
us_powerball,2020-07-25,837,5,21,36,61,62,18
us_powerball,2020-07-22,838,16,25,36,44,55,14
us_powerball,2020-07-18,839,13,16,32,58,59,9
us_powerball,2020-07-15,840,27,47,61,62,69,4
us_powerball,2020-07-11,841,14,19,61,62,64,4
us_powerball,2020-07-08,842,3,10,34,36,62,5
us_powerball,2020-07-04,843,16,21,27,60,61,6
us_powerball,2020-07-01,844,15,28,52,53,63,18
us_powerball,2020-06-27,845,9,36,49,56,62,8
us_powerball,2020-06-24,846,15,22,27,33,46,23
us_powerball,2020-06-20,847,10,31,41,63,67,5
us_powerball,2020-06-17,848,7,10,63,64,68,10
us_powerball,2020-06-13,849,2,12,32,50,65,5
us_powerball,2020-06-10,850,10,33,41,52,54,18
us_powerball,2020-06-06,851,1,17,38,68,69,18
us_powerball,2020-06-03,852,1,3,26,41,64,17
us_powerball,2020-05-30,853,13,32,41,58,60,14
us_powerball,2020-05-27,854,38,58,59,64,68,21
us_powerball,2020-05-23,855,2,8,18,21,23,16
us_powerball,2020-05-20,856,18,34,40,42,50,9
us_powerball,2020-05-16,857,8,12,26,39,42,11
us_powerball,2020-05-13,858,39,53,54,56,57,20
us_powerball,2020-05-09,859,12,18,42,48,65,19
us_powerball,2020-05-06,860,7,8,35,50,65,20
us_powerball,2020-05-02,861,13,16,33,58,68,24
us_powerball,2020-04-29,862,2,20,49,61,67,20
us_powerball,2020-04-25,863,1,3,21,47,57,18
us_powerball,2020-04-22,864,1,33,35,40,69,24
us_powerball,2020-04-18,865,4,44,46,56,63,19
us_powerball,2020-04-15,866,10,12,33,36,41,2
us_powerball,2020-04-11,867,22,29,30,42,47,17
us_powerball,2020-04-08,868,2,37,39,48,54,5
us_powerball,2020-04-04,869,8,31,39,40,43,4
us_powerball,2020-04-01,870,33,35,45,48,60,16
us_powerball,2020-03-28,871,7,40,48,55,66,11
us_powerball,2020-03-25,872,5,9,27,39,42,16
us_powerball,2020-03-21,873,2,23,40,59,69,13
us_powerball,2020-03-18,874,15,27,44,59,63,8
us_powerball,2020-03-14,875,9,23,26,30,32,8
us_powerball,2020-03-11,876,4,29,49,50,67,2
us_powerball,2020-03-07,877,7,15,21,33,62,23
us_powerball,2020-03-04,878,18,43,58,60,68,14
us_powerball,2020-02-29,879,24,44,46,50,51,13
us_powerball,2020-02-26,880,8,27,29,36,47,24
us_powerball,2020-02-22,881,25,37,39,61,62,11
us_powerball,2020-02-19,882,10,12,15,19,56,19
us_powerball,2020-02-15,883,16,32,35,36,46,3
us_powerball,2020-02-12,884,14,47,54,55,68,25
us_powerball,2020-02-08,885,35,49,50,59,66,6
us_powerball,2020-02-05,886,23,30,35,41,57,2
us_powerball,2020-02-01,887,12,33,54,57,60,13
us_powerball,2020-01-29,888,9,12,15,31,60,2
us_powerball,2020-01-25,889,2,9,17,36,67,18
us_powerball,2020-01-22,890,11,33,44,59,67,8
us_powerball,2020-01-18,891,20,24,38,56,68,18
us_powerball,2020-01-15,892,39,41,53,55,68,19
us_powerball,2020-01-11,893,3,21,23,31,59,3
us_powerball,2020-01-08,894,2,4,7,43,56,22
us_powerball,2020-01-04,895,1,11,21,25,54,7
us_powerball,2020-01-01,896,49,53,57,59,62,26
us_powerball,2019-12-28,897,20,23,39,59,60,18
us_powerball,2019-12-25,898,2,4,16,30,46,20
us_powerball,2019-12-21,899,19,31,35,50,67,14
us_powerball,2019-12-18,900,14,18,26,39,68,9
us_powerball,2019-12-14,901,3,6,12,32,64,19
us_powerball,2019-12-11,902,24,29,42,44,63,10
us_powerball,2019-12-07,903,18,42,53,62,66,25
us_powerball,2019-12-04,904,8,27,44,51,61,14
us_powerball,2019-11-30,905,15,35,42,63,68,18
us_powerball,2019-11-27,906,15,26,37,53,55,21
us_powerball,2019-11-23,907,28,35,38,61,66,23
us_powerball,2019-11-20,908,7,15,39,40,57,12
us_powerball,2019-11-16,909,14,22,26,55,63,26
us_powerball,2019-11-13,910,23,26,27,28,66,11
us_powerball,2019-11-09,911,14,17,35,38,60,25
us_powerball,2019-11-06,912,15,28,46,62,64,17
us_powerball,2019-11-02,913,3,23,32,37,58,22
us_powerball,2019-10-30,914,19,22,52,56,67,21
us_powerball,2019-10-26,915,3,20,48,54,59,4
us_powerball,2019-10-23,916,5,12,50,61,69,23
us_powerball,2019-10-19,917,14,27,29,59,65,12
us_powerball,2019-10-16,918,1,5,25,63,67,3
us_powerball,2019-10-12,919,12,29,34,53,65,23
us_powerball,2019-10-09,920,5,18,33,43,65,2
us_powerball,2019-10-05,921,6,14,36,51,54,4
us_powerball,2019-10-02,922,4,8,10,43,53,7
us_powerball,2019-09-28,923,15,23,34,51,55,4
us_powerball,2019-09-25,924,37,43,44,45,53,25
us_powerball,2019-09-21,925,1,9,22,36,68,22
us_powerball,2019-09-18,926,14,19,39,47,51,15
us_powerball,2019-09-14,927,11,27,31,36,67,11
us_powerball,2019-09-11,928,6,17,24,53,57,3
us_powerball,2019-09-07,929,11,20,41,42,56,6
us_powerball,2019-09-04,930,4,8,30,52,59,2
us_powerball,2019-08-31,931,14,41,50,56,57,18
us_powerball,2019-08-28,932,9,32,37,41,56,14
us_powerball,2019-08-24,933,5,12,20,21,47,1
us_powerball,2019-08-21,934,12,21,22,29,32,21
us_powerball,2019-08-17,935,18,21,24,30,60,20
us_powerball,2019-08-14,936,10,13,30,51,69,10
us_powerball,2019-08-10,937,35,41,44,58,59,3
us_powerball,2019-08-07,938,8,32,47,53,59,3
us_powerball,2019-08-03,939,3,6,45,66,68,13
us_powerball,2019-07-31,940,14,37,47,55,67,6
us_powerball,2019-07-27,941,1,19,31,48,61,6
us_powerball,2019-07-24,942,22,29,35,53,56,13
us_powerball,2019-07-20,943,5,26,36,64,69,19
us_powerball,2019-07-17,944,19,43,47,60,68,10
us_powerball,2019-07-13,945,13,23,32,35,68,21
us_powerball,2019-07-10,946,7,9,26,44,68,3
us_powerball,2019-07-06,947,4,8,23,46,65,1
us_powerball,2019-07-03,948,40,43,45,50,61,25
us_powerball,2019-06-29,949,13,17,24,59,62,8
us_powerball,2019-06-26,950,1,5,16,22,54,24
us_powerball,2019-06-22,951,3,6,11,14,66,21
us_powerball,2019-06-19,952,4,18,21,26,38,1
us_powerball,2019-06-15,953,8,11,14,16,49,14
us_powerball,2019-06-12,954,5,35,38,42,57,13
us_powerball,2019-06-08,955,9,13,42,48,60,18
us_powerball,2019-06-05,956,17,23,28,34,38,8
us_powerball,2019-06-01,957,6,15,34,45,52,8
us_powerball,2019-05-29,958,3,32,34,42,61,7
us_powerball,2019-05-25,959,1,2,39,43,66,2
us_powerball,2019-05-22,960,7,10,20,44,57,3
us_powerball,2019-05-18,961,2,10,25,66,67,26
us_powerball,2019-05-15,962,7,17,33,61,68,4
us_powerball,2019-05-11,963,6,8,9,37,40,26
us_powerball,2019-05-08,964,1,45,53,64,66,3
us_powerball,2019-05-04,965,6,16,23,30,61,2
us_powerball,2019-05-01,966,5,23,28,56,66,17
us_powerball,2019-04-27,967,2,29,41,45,62,6
us_powerball,2019-04-24,968,6,32,35,36,65,4
us_powerball,2019-04-20,969,3,27,30,63,65,1
us_powerball,2019-04-17,970,1,15,17,46,66,15
us_powerball,2019-04-13,971,4,17,26,32,49,10
us_powerball,2019-04-10,972,12,21,23,39,67,6
us_powerball,2019-04-06,973,15,33,43,59,60,8
us_powerball,2019-04-03,974,16,19,25,32,49,18
us_powerball,2019-03-30,975,21,52,54,64,68,4
us_powerball,2019-03-27,976,16,20,37,44,62,12
us_powerball,2019-03-23,977,24,25,52,60,66,5
us_powerball,2019-03-20,978,10,14,50,53,63,21
us_powerball,2019-03-16,979,30,34,39,53,67,11
us_powerball,2019-03-13,980,18,36,45,47,69,14
us_powerball,2019-03-09,981,5,6,45,55,59,14
us_powerball,2019-03-06,982,6,10,21,35,46,23
us_powerball,2019-03-02,983,1,19,25,27,68,21
us_powerball,2019-02-27,984,21,31,42,49,59,23
us_powerball,2019-02-23,985,4,6,14,20,32,13
us_powerball,2019-02-20,986,27,49,50,51,52,2
us_powerball,2019-02-16,987,29,30,41,48,64,1
us_powerball,2019-02-13,988,2,8,14,24,69,26
us_powerball,2019-02-09,989,1,2,3,7,39,25
us_powerball,2019-02-06,990,5,13,28,38,63,21
us_powerball,2019-02-02,991,10,17,18,43,65,13
us_powerball,2019-01-30,992,2,12,16,29,54,6
us_powerball,2019-01-26,993,8,12,20,21,32,10
us_powerball,2019-01-23,994,23,25,47,48,50,24
us_powerball,2019-01-19,995,5,8,41,65,66,20
us_powerball,2019-01-16,996,14,29,31,56,61,1
us_powerball,2019-01-12,997,7,36,48,57,58,24
us_powerball,2019-01-09,998,6,19,37,49,59,22
us_powerball,2019-01-05,999,3,7,15,27,69,19
us_powerball,2019-01-02,1000,8,12,42,46,56,12
us_powerball,2018-12-29,1001,12,42,51,53,62,25
us_powerball,2018-12-26,1002,5,25,38,52,67,24
us_powerball,2018-12-22,1003,21,28,30,40,59,26
us_powerball,2018-12-19,1004,15,29,31,37,43,16
us_powerball,2018-12-15,1005,8,38,43,52,55,17
us_powerball,2018-12-12,1006,4,9,21,29,64,26
us_powerball,2018-12-08,1007,14,32,34,46,61,10
us_powerball,2018-12-05,1008,9,11,36,37,38,11
us_powerball,2018-12-01,1009,10,11,47,55,58,26
us_powerball,2018-11-28,1010,4,19,59,68,69,21
us_powerball,2018-11-24,1011,11,33,51,56,58,18
us_powerball,2018-11-21,1012,7,14,23,38,55,18
us_powerball,2018-11-17,1013,6,8,20,52,68,5
us_powerball,2018-11-14,1014,7,42,49,62,69,23
us_powerball,2018-11-10,1015,5,29,34,53,57,24
us_powerball,2018-11-07,1016,26,28,34,42,50,25
us_powerball,2018-11-03,1017,15,21,24,32,65,11
us_powerball,2018-10-31,1018,7,25,39,40,47,20
us_powerball,2018-10-27,1019,8,12,13,19,27,4
us_powerball,2018-10-24,1020,3,21,45,53,56,22
us_powerball,2018-10-20,1021,16,54,57,62,69,23
us_powerball,2018-10-17,1022,3,57,64,68,69,15
us_powerball,2018-10-13,1023,11,14,32,43,65,15
us_powerball,2018-10-10,1024,8,23,27,42,60,7
us_powerball,2018-10-06,1025,1,22,27,53,67,15
us_powerball,2018-10-03,1026,41,53,59,63,66,3
us_powerball,2018-09-29,1027,9,17,34,59,64,22
us_powerball,2018-09-26,1028,1,2,7,30,50,8
us_powerball,2018-09-22,1029,24,61,63,64,69,18
us_powerball,2018-09-19,1030,4,39,48,50,51,11
us_powerball,2018-09-15,1031,2,18,19,24,34,3
us_powerball,2018-09-12,1032,6,28,48,63,64,24
us_powerball,2018-09-08,1033,3,13,20,32,33,21
us_powerball,2018-09-05,1034,6,15,50,59,60,13
us_powerball,2018-09-01,1035,11,54,55,61,66,9
us_powerball,2018-08-29,1036,25,41,53,57,67,12
us_powerball,2018-08-25,1037,20,25,54,57,63,8
us_powerball,2018-08-22,1038,1,7,45,47,69,13
us_powerball,2018-08-18,1039,24,34,52,61,67,16
us_powerball,2018-08-15,1040,12,15,28,47,48,16
us_powerball,2018-08-11,1041,5,43,56,62,68,24
us_powerball,2018-08-08,1042,10,21,30,43,63,17
us_powerball,2018-08-04,1043,3,11,38,44,58,2
us_powerball,2018-08-01,1044,5,22,32,38,58,26
us_powerball,2018-07-28,1045,22,27,46,56,65,13
us_powerball,2018-07-25,1046,2,18,41,44,64,26
us_powerball,2018-07-21,1047,9,23,56,58,68,1
us_powerball,2018-07-18,1048,1,10,27,28,36,12
us_powerball,2018-07-14,1049,22,41,42,49,67,11
us_powerball,2018-07-11,1050,19,21,27,46,47,7
us_powerball,2018-07-07,1051,1,10,43,45,64,22
us_powerball,2018-07-04,1052,4,7,15,41,44,10
us_powerball,2018-06-30,1053,3,9,20,42,61,24
us_powerball,2018-06-27,1054,7,28,37,62,63,15
us_powerball,2018-06-23,1055,16,29,43,45,56,25
us_powerball,2018-06-20,1056,4,14,23,27,56,13
us_powerball,2018-06-16,1057,9,45,57,58,65,9
us_powerball,2018-06-13,1058,13,20,38,45,55,1
us_powerball,2018-06-09,1059,6,10,15,25,36,14
us_powerball,2018-06-06,1060,23,28,41,53,56,14
us_powerball,2018-06-02,1061,23,25,37,44,64,7
us_powerball,2018-05-30,1062,17,23,26,46,68,20
us_powerball,2018-05-26,1063,1,21,31,45,49,21
us_powerball,2018-05-23,1064,20,54,56,61,64,7
us_powerball,2018-05-19,1065,3,6,9,17,56,25
us_powerball,2018-05-16,1066,17,19,21,22,51,19
us_powerball,2018-05-12,1067,22,42,45,55,56,14
us_powerball,2018-05-09,1068,11,16,38,50,69,19
us_powerball,2018-05-05,1069,14,29,36,57,61,17
us_powerball,2018-05-02,1070,5,14,31,40,50,6
us_powerball,2018-04-28,1071,20,22,28,45,50,8
us_powerball,2018-04-25,1072,17,18,39,56,64,12
us_powerball,2018-04-21,1073,40,50,54,62,69,19
us_powerball,2018-04-18,1074,9,10,12,17,23,9
us_powerball,2018-04-14,1075,17,19,26,61,62,15
us_powerball,2018-04-11,1076,16,18,27,55,67,18
us_powerball,2018-04-07,1077,2,17,20,38,39,20
us_powerball,2018-04-04,1078,8,24,42,54,64,24
us_powerball,2018-03-31,1079,8,24,52,55,61,21
us_powerball,2018-03-28,1080,6,8,26,52,53,21
us_powerball,2018-03-24,1081,10,33,45,53,56,24
us_powerball,2018-03-21,1082,3,4,18,29,61,25
us_powerball,2018-03-17,1083,22,57,59,60,66,7
us_powerball,2018-03-14,1084,6,12,24,41,68,9
us_powerball,2018-03-10,1085,43,44,54,61,69,22
us_powerball,2018-03-07,1086,6,13,19,36,51,18
us_powerball,2018-03-03,1087,13,17,25,36,40,5
us_powerball,2018-02-28,1088,12,30,59,65,69,16
us_powerball,2018-02-24,1089,24,25,38,62,63,6
us_powerball,2018-02-21,1090,7,15,31,34,36,8
us_powerball,2018-02-17,1091,13,26,39,44,62,2
us_powerball,2018-02-14,1092,37,39,44,46,69,26
us_powerball,2018-02-10,1093,1,13,27,41,59,20
us_powerball,2018-02-07,1094,23,34,35,40,47,10
us_powerball,2018-02-03,1095,15,23,27,48,53,6
us_powerball,2018-01-31,1096,4,7,14,46,59,22
us_powerball,2018-01-27,1097,17,21,26,47,54,7
us_powerball,2018-01-24,1098,5,9,11,33,64,21
us_powerball,2018-01-20,1099,26,28,47,49,58,3
us_powerball,2018-01-17,1100,3,33,37,51,57,21
us_powerball,2018-01-13,1101,14,25,35,58,69,24
us_powerball,2018-01-10,1102,7,24,33,49,50,4
us_powerball,2018-01-06,1103,12,29,30,33,61,26
us_powerball,2018-01-03,1104,2,18,37,39,42,12
us_powerball,2017-12-30,1105,28,36,41,51,58,24
us_powerball,2017-12-27,1106,3,9,16,56,60,3
us_powerball,2017-12-23,1107,1,3,13,15,44,25
us_powerball,2017-12-20,1108,1,20,61,64,69,20
us_powerball,2017-12-16,1109,9,35,37,50,63,11
us_powerball,2017-12-13,1110,2,24,28,51,58,7
us_powerball,2017-12-09,1111,25,36,37,55,60,6
us_powerball,2017-12-06,1112,19,20,50,55,62,9
us_powerball,2017-12-02,1113,28,30,32,36,58,6
us_powerball,2017-11-29,1114,24,26,28,59,63,16
us_powerball,2017-11-25,1115,8,13,27,53,54,4
us_powerball,2017-11-22,1116,35,37,46,51,61,13
us_powerball,2017-11-18,1117,17,28,31,32,39,26
us_powerball,2017-11-15,1118,23,32,44,48,50,25
us_powerball,2017-11-11,1119,4,6,16,30,56,18
us_powerball,2017-11-08,1120,12,14,20,21,34,22
us_powerball,2017-11-04,1121,12,14,26,48,51,13
us_powerball,2017-11-01,1122,3,6,19,26,44,1
us_powerball,2017-10-28,1123,27,35,38,57,66,10
us_powerball,2017-10-25,1124,18,22,29,54,57,8
us_powerball,2017-10-21,1125,14,41,42,45,69,4
us_powerball,2017-10-18,1126,30,49,54,66,69,8
us_powerball,2017-10-14,1127,32,37,56,66,69,11
us_powerball,2017-10-11,1128,1,3,13,19,69,23
us_powerball,2017-10-07,1129,10,49,61,63,65,7
us_powerball,2017-10-04,1130,22,23,62,63,66,24
us_powerball,2017-09-30,1131,8,12,25,41,64,15
us_powerball,2017-09-27,1132,8,10,21,23,25,22
us_powerball,2017-09-23,1133,24,45,55,56,57,19
us_powerball,2017-09-20,1134,39,48,53,67,68,26
us_powerball,2017-09-16,1135,17,18,24,25,31,24
us_powerball,2017-09-13,1136,17,24,35,57,63,19
us_powerball,2017-09-09,1137,6,20,29,57,59,22
us_powerball,2017-09-06,1138,8,14,32,58,67,17
us_powerball,2017-09-02,1139,6,21,41,52,62,26
us_powerball,2017-08-30,1140,19,28,43,67,69,7
us_powerball,2017-08-26,1141,7,15,32,38,66,15
us_powerball,2017-08-23,1142,6,7,16,23,26,4
us_powerball,2017-08-19,1143,17,19,39,43,68,13
us_powerball,2017-08-16,1144,9,15,43,60,64,4
us_powerball,2017-08-12,1145,20,24,26,35,49,19
us_powerball,2017-08-09,1146,12,30,36,47,62,9
us_powerball,2017-08-05,1147,11,21,28,33,45,11
us_powerball,2017-08-02,1148,1,16,54,63,69,18
us_powerball,2017-07-29,1149,1,28,40,45,48,12
us_powerball,2017-07-26,1150,7,19,21,42,69,12
us_powerball,2017-07-22,1151,5,32,44,53,60,9
us_powerball,2017-07-19,1152,50,51,59,61,63,4
us_powerball,2017-07-15,1153,9,40,63,64,66,17
us_powerball,2017-07-12,1154,1,2,18,23,61,9
us_powerball,2017-07-08,1155,8,10,29,40,59,26
us_powerball,2017-07-05,1156,4,9,16,54,68,21
us_powerball,2017-07-01,1157,19,42,45,48,53,16
us_powerball,2017-06-28,1158,29,37,46,53,68,8
us_powerball,2017-06-24,1159,10,22,32,36,58,10
us_powerball,2017-06-21,1160,14,46,61,65,68,13
us_powerball,2017-06-17,1161,10,13,32,53,62,21
us_powerball,2017-06-14,1162,5,22,43,57,63,24
us_powerball,2017-06-07,1163,5,21,57,66,69,13
us_powerball,2017-06-03,1164,3,9,21,41,54,25
us_powerball,2017-05-31,1165,4,33,39,46,60,6
us_powerball,2017-05-27,1166,5,10,28,55,67,9
us_powerball,2017-05-24,1167,28,32,33,38,62,15
us_powerball,2017-05-20,1168,5,22,45,47,54,3
us_powerball,2017-05-17,1169,4,11,39,45,48,9
us_powerball,2017-05-13,1170,17,20,32,63,68,19
us_powerball,2017-05-10,1171,29,31,46,56,62,8
us_powerball,2017-05-06,1172,11,21,31,41,59,21
us_powerball,2017-05-03,1173,17,18,49,59,66,9
us_powerball,2017-04-29,1174,22,23,24,45,62,5
us_powerball,2017-04-26,1175,1,15,18,26,51,26
us_powerball,2017-04-22,1176,21,39,41,48,63,6
us_powerball,2017-04-19,1177,1,19,37,40,52,15
us_powerball,2017-04-15,1178,5,22,26,45,61,13
us_powerball,2017-04-12,1179,8,14,61,63,68,24
us_powerball,2017-04-08,1180,23,36,51,53,60,15
us_powerball,2017-04-05,1181,8,20,46,53,54,13
us_powerball,2017-04-01,1182,9,32,36,44,65,1
us_powerball,2017-03-29,1183,8,15,31,36,62,11
us_powerball,2017-03-25,1184,18,31,32,45,48,16
us_powerball,2017-03-22,1185,2,9,27,29,42,9
us_powerball,2017-03-18,1186,13,25,44,54,67,5
us_powerball,2017-03-15,1187,16,30,41,48,53,16
us_powerball,2017-03-11,1188,1,26,41,50,57,11
us_powerball,2017-03-08,1189,23,33,42,46,59,4
us_powerball,2017-03-04,1190,2,18,19,22,63,19
us_powerball,2017-03-01,1191,10,16,40,52,55,17
us_powerball,2017-02-25,1192,6,32,47,62,65,19
us_powerball,2017-02-22,1193,10,13,28,52,61,2
us_powerball,2017-02-18,1194,3,7,9,31,33,20
us_powerball,2017-02-15,1195,5,28,33,38,42,19
us_powerball,2017-02-11,1196,5,9,17,37,64,2
us_powerball,2017-02-08,1197,14,20,42,49,66,5
us_powerball,2017-02-04,1198,6,13,16,17,52,25
us_powerball,2017-02-01,1199,9,43,57,60,64,10
us_powerball,2017-01-28,1200,12,20,39,49,69,17
us_powerball,2017-01-25,1201,18,28,62,66,68,22
us_powerball,2017-01-21,1202,23,25,45,52,67,2
us_powerball,2017-01-18,1203,9,40,41,53,58,12
us_powerball,2017-01-14,1204,23,55,59,64,69,13
us_powerball,2017-01-11,1205,1,3,13,16,43,24
us_powerball,2017-01-07,1206,3,12,24,37,63,10
us_powerball,2017-01-04,1207,16,17,29,41,42,4
us_powerball,2016-12-31,1208,1,3,28,57,67,9
us_powerball,2016-12-28,1209,16,23,30,44,58,4
us_powerball,2016-12-24,1210,28,38,42,51,52,21
us_powerball,2016-12-21,1211,25,33,40,54,68,3
us_powerball,2016-12-17,1212,1,8,16,40,48,10
us_powerball,2016-12-14,1213,18,26,37,39,66,15
us_powerball,2016-12-10,1214,12,21,32,44,66,15
us_powerball,2016-12-07,1215,41,48,49,53,64,20
us_powerball,2016-12-03,1216,8,10,26,27,33,22
us_powerball,2016-11-30,1217,3,14,18,25,45,7
us_powerball,2016-11-26,1218,17,19,21,37,44,16
us_powerball,2016-11-23,1219,7,32,41,47,61,3
us_powerball,2016-11-19,1220,16,24,28,43,61,21
us_powerball,2016-11-16,1221,28,41,61,63,65,7
us_powerball,2016-11-12,1222,8,17,20,27,52,24
us_powerball,2016-11-09,1223,1,25,28,31,54,2
us_powerball,2016-11-05,1224,21,31,50,51,69,8
us_powerball,2016-11-02,1225,13,18,37,54,61,5
us_powerball,2016-10-29,1226,19,20,21,42,48,23
us_powerball,2016-10-26,1227,2,3,16,48,56,24
us_powerball,2016-10-22,1228,1,28,33,55,56,22
us_powerball,2016-10-19,1229,10,16,38,43,63,23
us_powerball,2016-10-15,1230,23,49,57,64,67,20
us_powerball,2016-10-12,1231,16,30,34,37,44,16
us_powerball,2016-10-08,1232,3,54,61,64,68,9
us_powerball,2016-10-05,1233,8,18,27,29,60,15
us_powerball,2016-10-01,1234,2,12,50,61,64,1
us_powerball,2016-09-28,1235,30,38,52,53,62,1
us_powerball,2016-09-24,1236,7,15,20,29,41,22
us_powerball,2016-09-21,1237,1,28,63,67,69,17
us_powerball,2016-09-17,1238,9,19,51,55,62,14
us_powerball,2016-09-14,1239,10,11,23,28,31,14
us_powerball,2016-09-10,1240,3,17,49,55,68,8
us_powerball,2016-09-07,1241,22,23,29,33,55,21
us_powerball,2016-09-03,1242,7,39,50,59,67,25
us_powerball,2016-08-31,1243,5,10,24,56,61,12
us_powerball,2016-08-27,1244,4,32,48,49,63,20
us_powerball,2016-08-24,1245,9,11,25,64,65,16
us_powerball,2016-08-20,1246,3,6,21,60,68,24
us_powerball,2016-08-17,1247,33,44,49,50,52,8
us_powerball,2016-08-13,1248,38,44,60,64,69,6
us_powerball,2016-08-10,1249,23,56,61,64,67,12
us_powerball,2016-08-06,1250,20,33,36,47,52,12
us_powerball,2016-08-03,1251,9,11,27,66,67,2
us_powerball,2016-07-30,1252,11,17,21,23,32,5
us_powerball,2016-07-27,1253,10,47,50,65,68,24
us_powerball,2016-07-23,1254,5,7,23,35,39,11
us_powerball,2016-07-20,1255,6,25,35,58,66,5
us_powerball,2016-07-16,1256,11,17,40,50,62,26
us_powerball,2016-07-13,1257,3,15,29,54,57,10
us_powerball,2016-07-09,1258,10,28,32,61,64,12
us_powerball,2016-07-06,1259,2,24,31,57,66,18
us_powerball,2016-07-02,1260,10,34,39,59,63,4
us_powerball,2016-06-29,1261,23,29,37,60,64,6
us_powerball,2016-06-25,1262,3,27,36,56,69,25
us_powerball,2016-06-22,1263,14,40,42,43,52,17
us_powerball,2016-06-18,1264,2,23,41,53,63,11
us_powerball,2016-06-15,1265,4,22,24,31,33,10
us_powerball,2016-06-11,1266,20,27,36,41,58,7
us_powerball,2016-06-08,1267,12,25,37,60,69,20
us_powerball,2016-06-04,1268,16,20,22,43,64,17
us_powerball,2016-06-01,1269,23,30,33,40,69,12
us_powerball,2016-05-28,1270,6,33,34,58,59,12
us_powerball,2016-05-25,1271,11,24,41,59,64,15
us_powerball,2016-05-21,1272,5,7,9,23,32,26
us_powerball,2016-05-18,1273,23,25,39,54,67,11
us_powerball,2016-05-14,1274,13,27,47,64,65,9
us_powerball,2016-05-11,1275,20,32,52,66,69,23
us_powerball,2016-05-07,1276,5,25,26,44,66,9
us_powerball,2016-05-04,1277,30,47,57,66,69,3
us_powerball,2016-04-30,1278,3,12,16,32,34,14
us_powerball,2016-04-27,1279,2,25,33,39,64,17
us_powerball,2016-04-23,1280,19,35,46,59,62,13
us_powerball,2016-04-20,1281,12,25,30,52,62,8
us_powerball,2016-04-16,1282,3,18,25,32,51,3
us_powerball,2016-04-13,1283,30,33,35,38,64,22
us_powerball,2016-04-09,1284,14,22,23,41,61,9
us_powerball,2016-04-06,1285,4,28,49,60,65,25
us_powerball,2016-04-02,1286,9,28,30,40,61,3
us_powerball,2016-03-30,1287,24,44,53,55,63,19
us_powerball,2016-03-26,1288,11,23,42,52,68,6
us_powerball,2016-03-23,1289,5,8,15,22,49,25
us_powerball,2016-03-19,1290,11,23,43,54,60,3
us_powerball,2016-03-16,1291,10,12,13,46,50,21
us_powerball,2016-03-12,1292,11,28,50,57,62,23
us_powerball,2016-03-09,1293,14,23,32,34,68,3
us_powerball,2016-03-05,1294,3,27,34,59,69,19
us_powerball,2016-03-02,1295,12,13,44,52,62,6
us_powerball,2016-02-27,1296,10,11,21,22,53,18
us_powerball,2016-02-24,1297,21,31,64,65,67,5
us_powerball,2016-02-20,1298,11,12,15,16,54,25
us_powerball,2016-02-17,1299,7,17,27,29,40,25
us_powerball,2016-02-13,1300,7,15,18,19,36,20
us_powerball,2016-02-10,1301,2,3,40,50,62,5
us_powerball,2016-02-06,1302,4,13,31,36,52,8
us_powerball,2016-02-03,1303,26,28,31,60,67,23
us_powerball,2016-01-30,1304,5,12,16,31,43,18
us_powerball,2016-01-27,1305,3,12,40,52,67,21
us_powerball,2016-01-23,1306,22,32,34,40,69,19
us_powerball,2016-01-20,1307,5,39,44,47,69,24
us_powerball,2016-01-16,1308,3,51,52,61,64,6
us_powerball,2016-01-13,1309,4,8,19,27,34,10
us_powerball,2016-01-09,1310,16,19,32,34,57,13
us_powerball,2016-01-06,1311,2,11,47,62,63,17
us_powerball,2016-01-02,1312,5,6,15,29,42,10
us_powerball,2015-12-30,1313,12,36,38,54,61,22
us_powerball,2015-12-26,1314,27,40,44,59,65,20
us_powerball,2015-12-23,1315,16,38,55,63,67,25
us_powerball,2015-12-19,1316,28,30,41,59,68,10
us_powerball,2015-12-16,1317,9,10,32,42,55,6
us_powerball,2015-12-12,1318,2,14,19,30,62,22
us_powerball,2015-12-09,1319,7,10,16,46,56,1
us_powerball,2015-12-05,1320,13,27,33,47,68,13
us_powerball,2015-12-02,1321,14,18,19,32,64,9
us_powerball,2015-11-28,1322,2,6,47,66,67,2
us_powerball,2015-11-25,1323,16,29,53,58,69,21
us_powerball,2015-11-21,1324,37,47,50,52,57,21
us_powerball,2015-11-18,1325,17,40,41,46,69,6
us_powerball,2015-11-14,1326,14,22,37,45,66,5
us_powerball,2015-11-11,1327,4,26,32,55,64,18
us_powerball,2015-11-07,1328,7,16,25,50,53,15
us_powerball,2015-11-04,1329,2,12,17,20,65,17
us_powerball,2015-10-31,1330,9,20,25,47,68,7
us_powerball,2015-10-28,1331,4,54,56,62,63,10
us_powerball,2015-10-24,1332,20,31,56,60,64,2
us_powerball,2015-10-21,1333,30,32,42,56,57,11
us_powerball,2015-10-17,1334,48,49,57,62,69,19
us_powerball,2015-10-14,1335,15,20,29,31,40,1
us_powerball,2015-10-10,1336,12,27,29,43,68,1
us_powerball,2015-10-07,1337,18,30,40,48,52,9
us_powerball,2015-10-03,1338,6,26,33,44,46,4
us_powerball,2015-09-30,1339,21,39,40,55,59,17
us_powerball,2015-09-26,1340,23,31,42,50,57,5
us_powerball,2015-09-23,1341,8,29,41,51,58,5
us_powerball,2015-09-19,1342,12,17,26,43,48,24
us_powerball,2015-09-16,1343,5,7,24,31,39,7
us_powerball,2015-09-12,1344,2,3,13,16,35,27
us_powerball,2015-09-09,1345,44,45,47,50,51,8
us_powerball,2015-09-05,1346,10,16,18,29,45,19
us_powerball,2015-09-02,1347,17,22,30,46,56,16
us_powerball,2015-08-29,1348,18,21,25,28,29,16
us_powerball,2015-08-26,1349,2,22,32,45,56,12
us_powerball,2015-08-22,1350,4,12,14,21,55,7
us_powerball,2015-08-19,1351,6,8,43,48,50,7
us_powerball,2015-08-15,1352,3,13,17,42,52,24
us_powerball,2015-08-12,1353,8,13,29,38,52,28
us_powerball,2015-08-08,1354,9,34,48,52,54,15
us_powerball,2015-08-05,1355,9,11,14,16,42,19
us_powerball,2015-08-01,1356,7,13,24,49,57,15
us_powerball,2015-07-29,1357,4,22,27,28,52,35
us_powerball,2015-07-25,1358,27,29,34,41,44,2
us_powerball,2015-07-22,1359,12,31,43,44,57,11
us_powerball,2015-07-18,1360,6,37,39,45,55,33
us_powerball,2015-07-15,1361,13,16,34,45,50,11
us_powerball,2015-07-11,1362,11,39,46,52,54,3
us_powerball,2015-07-08,1363,4,15,25,27,30,18
us_powerball,2015-07-04,1364,3,6,14,18,24,21
us_powerball,2015-07-01,1365,7,24,26,31,41,25
us_powerball,2015-06-27,1366,18,28,35,46,49,27
us_powerball,2015-06-24,1367,3,5,10,22,32,7
us_powerball,2015-06-20,1368,9,10,16,20,57,15
us_powerball,2015-06-17,1369,20,21,22,41,54,7
us_powerball,2015-06-13,1370,29,41,48,52,54,29
us_powerball,2015-06-10,1371,31,32,48,49,53,25
us_powerball,2015-06-06,1372,8,13,18,27,43,15
us_powerball,2015-06-03,1373,6,8,13,37,40,11
us_powerball,2015-05-30,1374,8,9,25,56,57,22
us_powerball,2015-05-27,1375,8,15,34,53,59,23
us_powerball,2015-05-23,1376,9,15,17,31,43,16
us_powerball,2015-05-20,1377,1,12,28,35,44,25
us_powerball,2015-05-16,1378,24,29,38,48,52,32
us_powerball,2015-05-13,1379,1,25,29,31,47,7
us_powerball,2015-05-09,1380,4,15,17,35,58,17
us_powerball,2015-05-06,1381,23,24,27,39,41,30
us_powerball,2015-05-02,1382,2,6,11,30,31,33
us_powerball,2015-04-29,1383,1,26,34,38,51,6
us_powerball,2015-04-25,1384,21,33,35,38,45,12
us_powerball,2015-04-22,1385,10,14,25,39,53,18
us_powerball,2015-04-18,1386,13,22,23,29,31,17
us_powerball,2015-04-15,1387,1,16,21,29,40,30
us_powerball,2015-04-11,1388,1,12,32,42,58,12
us_powerball,2015-04-08,1389,1,19,45,46,58,29
us_powerball,2015-04-04,1390,33,39,40,41,54,28
us_powerball,2015-04-01,1391,2,30,33,39,44,1
us_powerball,2015-03-28,1392,2,4,6,12,38,17
us_powerball,2015-03-25,1393,7,19,23,50,54,14
us_powerball,2015-03-21,1394,11,16,30,38,42,7
us_powerball,2015-03-18,1395,14,25,30,33,47,8
us_powerball,2015-03-14,1396,8,14,39,46,47,18
us_powerball,2015-03-11,1397,11,24,31,40,44,27
us_powerball,2015-03-07,1398,34,36,38,42,50,33
us_powerball,2015-03-04,1399,8,12,15,35,50,32
us_powerball,2015-02-28,1400,11,17,25,28,46,12
us_powerball,2015-02-25,1401,17,19,21,32,39,8
us_powerball,2015-02-21,1402,10,14,18,34,51,26
us_powerball,2015-02-18,1403,1,9,29,32,49,22
us_powerball,2015-02-14,1404,1,24,44,45,51,28
us_powerball,2015-02-11,1405,11,13,25,39,54,19
us_powerball,2015-02-07,1406,5,10,21,34,58,33
us_powerball,2015-02-04,1407,24,36,51,52,56,22
us_powerball,2015-01-31,1408,5,11,16,26,50,34
us_powerball,2015-01-28,1409,12,24,35,36,49,1
us_powerball,2015-01-24,1410,16,19,20,29,33,10
us_powerball,2015-01-21,1411,11,12,15,28,57,23
us_powerball,2015-01-17,1412,15,16,23,27,36,9
us_powerball,2015-01-14,1413,2,4,10,41,53,22
us_powerball,2015-01-10,1414,2,9,19,28,29,19
us_powerball,2015-01-07,1415,14,15,47,49,59,10
us_powerball,2015-01-03,1416,4,18,43,46,55,25
us_powerball,2014-12-31,1417,17,27,37,40,53,35
us_powerball,2014-12-27,1418,7,10,11,14,36,15
us_powerball,2014-12-24,1419,11,12,46,47,50,22
us_powerball,2014-12-20,1420,14,15,19,31,56,5
us_powerball,2014-12-17,1421,22,31,38,47,48,15
us_powerball,2014-12-13,1422,5,13,28,43,55,33
us_powerball,2014-12-10,1423,34,44,48,54,55,10
us_powerball,2014-12-06,1424,12,15,22,43,49,14
us_powerball,2014-12-03,1425,25,30,32,46,54,26
us_powerball,2014-11-29,1426,13,24,30,42,48,27
us_powerball,2014-11-26,1427,16,17,22,46,54,35
us_powerball,2014-11-22,1428,23,49,53,54,57,35
us_powerball,2014-11-19,1429,6,36,38,48,51,17
us_powerball,2014-11-15,1430,13,16,33,35,51,28
us_powerball,2014-11-12,1431,37,39,51,52,55,11
us_powerball,2014-11-08,1432,9,19,33,38,54,15
us_powerball,2014-11-05,1433,2,11,19,21,42,34
us_powerball,2014-11-01,1434,1,3,13,25,38,17
us_powerball,2014-10-29,1435,25,28,48,57,59,16
us_powerball,2014-10-25,1436,6,10,51,54,57,12
us_powerball,2014-10-22,1437,29,30,40,42,50,16
us_powerball,2014-10-18,1438,20,26,27,36,54,19
us_powerball,2014-10-15,1439,5,7,19,27,28,20
us_powerball,2014-10-11,1440,10,19,37,38,39,28
us_powerball,2014-10-08,1441,5,16,31,46,50,18
us_powerball,2014-10-04,1442,13,18,24,25,33,31
us_powerball,2014-10-01,1443,1,4,18,20,45,7
us_powerball,2014-09-27,1444,2,11,35,52,54,13
us_powerball,2014-09-24,1445,7,14,21,24,41,26
us_powerball,2014-09-20,1446,22,23,30,37,39,16
us_powerball,2014-09-17,1447,18,25,36,48,50,23
us_powerball,2014-09-13,1448,1,6,16,37,53,27
us_powerball,2014-09-10,1449,2,14,39,40,43,13
us_powerball,2014-09-06,1450,9,29,31,43,50,18
us_powerball,2014-09-03,1451,2,16,43,45,51,35
us_powerball,2014-08-30,1452,5,28,31,52,59,27
us_powerball,2014-08-27,1453,17,24,26,45,46,19
us_powerball,2014-08-23,1454,28,32,35,36,52,31
us_powerball,2014-08-20,1455,4,8,21,38,40,3
us_powerball,2014-08-16,1456,7,8,17,48,59,9
us_powerball,2014-08-13,1457,8,37,39,40,52,24
us_powerball,2014-08-09,1458,3,12,31,34,51,24
us_powerball,2014-08-06,1459,1,8,24,28,49,24
us_powerball,2014-08-02,1460,12,26,44,46,47,29
us_powerball,2014-07-30,1461,13,30,42,49,53,29
us_powerball,2014-07-26,1462,24,28,30,38,39,16
us_powerball,2014-07-23,1463,4,10,12,22,31,3
us_powerball,2014-07-19,1464,10,17,25,45,53,9
us_powerball,2014-07-16,1465,5,15,18,26,32,35
us_powerball,2014-07-12,1466,2,3,7,23,51,26
us_powerball,2014-07-09,1467,9,25,42,55,57,14
us_powerball,2014-07-05,1468,24,34,36,57,58,11
us_powerball,2014-07-02,1469,8,18,45,53,58,35
us_powerball,2014-06-25,1470,10,20,25,50,53,35
us_powerball,2014-06-21,1471,5,6,37,41,54,26
us_powerball,2014-06-18,1472,6,9,29,52,59,7
us_powerball,2014-06-14,1473,9,33,42,45,54,30
us_powerball,2014-06-11,1474,14,18,25,33,49,23
us_powerball,2014-06-07,1475,28,30,35,58,59,15
us_powerball,2014-06-04,1476,1,7,10,22,49,24
us_powerball,2014-05-31,1477,15,27,31,34,48,1
us_powerball,2014-05-28,1478,2,24,28,32,59,25
us_powerball,2014-05-24,1479,15,16,28,49,55,18
us_powerball,2014-05-21,1480,4,20,34,39,58,31
us_powerball,2014-05-17,1481,23,32,39,47,49,22
us_powerball,2014-05-14,1482,7,33,39,52,55,33
us_powerball,2014-05-10,1483,4,31,41,47,55,1
us_powerball,2014-05-07,1484,17,29,31,48,49,34
us_powerball,2014-05-03,1485,5,15,16,46,49,26
us_powerball,2014-04-30,1486,2,9,11,19,50,32
us_powerball,2014-04-26,1487,3,7,22,30,33,20
us_powerball,2014-04-23,1488,19,25,29,36,48,12
us_powerball,2014-04-19,1489,5,6,29,35,51,21
us_powerball,2014-04-16,1490,34,39,42,44,59,8
us_powerball,2014-04-12,1491,14,26,45,54,55,20
us_powerball,2014-04-09,1492,9,14,44,48,49,29
us_powerball,2014-04-05,1493,11,21,26,33,34,29
us_powerball,2014-04-02,1494,8,13,19,22,53,24
us_powerball,2014-03-29,1495,2,3,12,27,38,17
us_powerball,2014-03-26,1496,28,33,41,44,59,21
us_powerball,2014-03-22,1497,13,28,31,55,58,15
us_powerball,2014-03-19,1498,2,19,23,34,43,14
us_powerball,2014-03-15,1499,2,5,34,51,58,9
us_powerball,2014-03-12,1500,14,15,28,37,54,10
us_powerball,2014-03-08,1501,10,14,24,32,41,30
us_powerball,2014-03-05,1502,3,7,9,26,54,19
us_powerball,2014-03-01,1503,3,8,25,30,47,13
us_powerball,2014-02-26,1504,11,12,17,38,42,2
us_powerball,2014-02-22,1505,2,3,13,14,54,4
us_powerball,2014-02-19,1506,1,17,35,49,54,34
us_powerball,2014-02-15,1507,2,9,14,21,23,3
us_powerball,2014-02-12,1508,36,44,49,52,57,1
us_powerball,2014-02-08,1509,24,25,34,37,54,29
us_powerball,2014-02-05,1510,8,17,32,57,59,24
us_powerball,2014-02-01,1511,5,12,15,27,38,7
us_powerball,2014-01-29,1512,11,23,28,32,47,20
us_powerball,2014-01-25,1513,8,12,18,55,57,2
us_powerball,2014-01-22,1514,1,2,7,9,55,29
us_powerball,2014-01-18,1515,13,14,19,31,38,25
us_powerball,2014-01-15,1516,7,8,9,24,29,25
us_powerball,2014-01-11,1517,10,15,33,48,54,34
us_powerball,2014-01-08,1518,10,28,39,47,58,22
us_powerball,2014-01-04,1519,19,20,37,41,58,14
us_powerball,2014-01-01,1520,15,24,40,48,52,23
us_powerball,2013-12-28,1521,8,35,44,51,56,18
us_powerball,2013-12-25,1522,23,28,38,39,56,32
us_powerball,2013-12-21,1523,25,36,40,45,51,8
us_powerball,2013-12-18,1524,7,24,37,39,40,1
us_powerball,2013-12-14,1525,14,25,32,33,41,34
us_powerball,2013-12-11,1526,1,10,13,18,19,27
us_powerball,2013-12-07,1527,13,20,32,45,48,17
us_powerball,2013-12-04,1528,6,9,11,31,44,25
us_powerball,2013-11-30,1529,5,26,44,45,57,29
us_powerball,2013-11-27,1530,18,25,50,55,57,17
us_powerball,2013-11-23,1531,5,12,43,52,55,10
us_powerball,2013-11-20,1532,4,18,23,32,45,7
us_powerball,2013-11-16,1533,10,29,37,44,59,10
us_powerball,2013-11-13,1534,5,31,50,55,56,9
us_powerball,2013-11-09,1535,3,9,37,49,56,32
us_powerball,2013-11-06,1536,1,5,10,15,49,22
us_powerball,2013-11-02,1537,13,23,24,27,40,17
us_powerball,2013-10-30,1538,2,36,40,49,54,10
us_powerball,2013-10-26,1539,4,6,34,49,56,29
us_powerball,2013-10-23,1540,3,23,31,34,47,13
us_powerball,2013-10-19,1541,9,33,54,56,57,5
us_powerball,2013-10-16,1542,3,26,28,34,42,28
us_powerball,2013-10-12,1543,8,10,26,57,58,4
us_powerball,2013-10-09,1544,3,9,19,33,38,18
us_powerball,2013-10-05,1545,11,12,17,39,40,5
us_powerball,2013-10-02,1546,4,6,25,42,51,17
us_powerball,2013-09-28,1547,14,47,52,53,54,5
us_powerball,2013-09-25,1548,2,7,17,49,53,23
us_powerball,2013-09-21,1549,12,17,45,54,58,13
us_powerball,2013-09-18,1550,7,10,22,32,35,19
us_powerball,2013-09-14,1551,1,17,25,37,44,20
us_powerball,2013-09-11,1552,11,19,33,42,52,33
us_powerball,2013-09-07,1553,2,19,22,26,45,24
us_powerball,2013-09-04,1554,2,9,26,45,47,11
us_powerball,2013-08-31,1555,2,7,25,40,56,20
us_powerball,2013-08-28,1556,6,7,9,19,32,13
us_powerball,2013-08-24,1557,12,17,25,45,59,19
us_powerball,2013-08-21,1558,30,40,42,46,48,23
us_powerball,2013-08-17,1559,18,21,46,54,56,23
us_powerball,2013-08-14,1560,4,11,17,43,51,20
us_powerball,2013-08-10,1561,4,12,14,37,58,13
us_powerball,2013-08-07,1562,5,25,30,58,59,32
us_powerball,2013-08-03,1563,21,24,36,42,45,15
us_powerball,2013-07-31,1564,8,24,39,49,59,5
us_powerball,2013-07-27,1565,9,23,40,53,58,6
us_powerball,2013-07-24,1566,9,29,40,44,54,7
us_powerball,2013-07-20,1567,14,25,27,38,58,6
us_powerball,2013-07-17,1568,1,22,34,38,42,17
us_powerball,2013-07-13,1569,2,8,22,35,37,6
us_powerball,2013-07-10,1570,30,31,45,55,59,27
us_powerball,2013-07-06,1571,2,13,35,36,52,11
us_powerball,2013-07-03,1572,3,6,29,40,51,4
us_powerball,2013-06-29,1573,8,28,30,53,56,16
us_powerball,2013-06-26,1574,1,18,33,39,46,33
us_powerball,2013-06-22,1575,13,19,23,33,57,28
us_powerball,2013-06-19,1576,7,46,47,52,57,17
us_powerball,2013-06-15,1577,28,36,40,48,55,1
us_powerball,2013-06-12,1578,16,22,23,42,55,32
us_powerball,2013-06-08,1579,2,11,22,26,32,19
us_powerball,2013-06-05,1580,4,26,33,36,55,32
us_powerball,2013-06-01,1581,22,28,33,53,59,14
us_powerball,2013-05-29,1582,9,14,17,49,57,2
us_powerball,2013-05-25,1583,2,6,19,21,27,25
us_powerball,2013-05-22,1584,9,31,35,41,57,26
us_powerball,2013-05-18,1585,10,13,14,22,52,11
us_powerball,2013-05-15,1586,2,11,26,34,41,32
us_powerball,2013-05-11,1587,6,13,19,23,43,16
us_powerball,2013-05-08,1588,21,22,26,30,57,27
us_powerball,2013-05-04,1589,7,12,26,36,40,17
us_powerball,2013-05-01,1590,22,26,31,54,55,18
us_powerball,2013-04-27,1591,3,23,48,54,55,5
us_powerball,2013-04-24,1592,9,19,31,56,59,2
us_powerball,2013-04-20,1593,6,8,30,39,48,20
us_powerball,2013-04-17,1594,13,18,36,48,58,28
us_powerball,2013-04-13,1595,10,12,31,56,57,33
us_powerball,2013-04-10,1596,1,36,40,52,53,20
us_powerball,2013-04-06,1597,4,7,8,29,39,24
us_powerball,2013-04-03,1598,1,6,8,12,35,3
us_powerball,2013-03-30,1599,11,23,26,46,55,27
us_powerball,2013-03-27,1600,7,37,43,48,52,16
us_powerball,2013-03-23,1601,17,29,31,52,53,31
us_powerball,2013-03-20,1602,13,14,17,43,54,15
us_powerball,2013-03-16,1603,3,7,21,44,53,16
us_powerball,2013-03-13,1604,5,9,28,32,38,29
us_powerball,2013-03-09,1605,10,37,40,46,52,12
us_powerball,2013-03-06,1606,6,10,23,41,45,1
us_powerball,2013-03-02,1607,3,8,13,41,56,16
us_powerball,2013-02-27,1608,3,14,20,34,48,21
us_powerball,2013-02-23,1609,2,5,31,39,41,29
us_powerball,2013-02-20,1610,3,17,19,25,32,17
us_powerball,2013-02-16,1611,15,16,46,50,58,29
us_powerball,2013-02-13,1612,12,23,25,27,43,29
us_powerball,2013-02-09,1613,5,6,16,36,58,3
us_powerball,2013-02-06,1614,5,27,36,38,41,12
us_powerball,2013-02-02,1615,11,16,33,40,41,34
us_powerball,2013-01-30,1616,14,16,32,47,52,16
us_powerball,2013-01-26,1617,3,22,26,41,49,18
us_powerball,2013-01-23,1618,11,12,24,43,45,9
us_powerball,2013-01-19,1619,8,28,29,34,38,35
us_powerball,2013-01-16,1620,9,21,28,32,51,35
us_powerball,2013-01-12,1621,10,14,21,23,47,7
us_powerball,2013-01-09,1622,11,13,20,27,59,26
us_powerball,2013-01-05,1623,26,30,49,51,54,25
us_powerball,2013-01-02,1624,18,20,28,35,53,20
us_powerball,2012-12-29,1625,36,46,50,52,55,14
us_powerball,2012-12-26,1626,11,13,23,43,54,4
us_powerball,2012-12-22,1627,1,18,35,39,44,11
us_powerball,2012-12-19,1628,5,8,20,23,30,3
us_powerball,2012-12-15,1629,15,23,40,44,55,14
us_powerball,2012-12-12,1630,8,10,25,36,44,28
us_powerball,2012-12-08,1631,7,23,26,40,53,21
us_powerball,2012-12-05,1632,13,17,19,27,38,12
us_powerball,2012-12-01,1633,3,10,19,36,46,3
us_powerball,2012-11-28,1634,5,16,22,23,29,6
us_powerball,2012-11-24,1635,22,32,37,44,50,34
us_powerball,2012-11-21,1636,8,18,24,30,39,26
us_powerball,2012-11-17,1637,3,15,27,58,59,20
us_powerball,2012-11-14,1638,8,10,30,44,58,13
us_powerball,2012-11-10,1639,32,42,50,54,55,32
us_powerball,2012-11-07,1640,32,34,45,52,58,20
us_powerball,2012-11-03,1641,4,7,9,30,54,25
us_powerball,2012-10-31,1642,1,27,31,45,48,5
us_powerball,2012-10-27,1643,22,32,34,36,56,33
us_powerball,2012-10-24,1644,3,18,21,23,50,4
us_powerball,2012-10-20,1645,4,21,28,31,44,10
us_powerball,2012-10-17,1646,1,7,10,23,42,35
us_powerball,2012-10-13,1647,2,5,25,26,49,18
us_powerball,2012-10-10,1648,18,26,29,35,43,28
us_powerball,2012-10-06,1649,15,26,34,36,59,35
us_powerball,2012-10-03,1650,17,23,36,55,59,10
us_powerball,2012-09-29,1651,14,18,28,29,57,8
us_powerball,2012-09-26,1652,13,26,39,41,42,10
us_powerball,2012-09-22,1653,2,16,18,40,42,33
us_powerball,2012-09-19,1654,1,5,8,39,50,23
us_powerball,2012-09-15,1655,3,20,26,43,48,1
us_powerball,2012-09-12,1656,24,33,36,48,56,6
us_powerball,2012-09-08,1657,6,20,34,44,48,29
us_powerball,2012-09-05,1658,4,19,26,42,51,29
us_powerball,2012-09-01,1659,8,11,21,44,49,22
us_powerball,2012-08-29,1660,25,28,49,54,56,28
us_powerball,2012-08-25,1661,1,6,7,20,49,23
us_powerball,2012-08-22,1662,22,29,31,47,55,19
us_powerball,2012-08-18,1663,14,26,41,55,59,1
us_powerball,2012-08-15,1664,6,27,46,51,56,21
us_powerball,2012-08-11,1665,4,13,39,46,51,1
us_powerball,2012-08-08,1666,3,7,11,15,28,12
us_powerball,2012-08-04,1667,19,30,48,53,55,18
us_powerball,2012-08-01,1668,3,16,48,56,58,4
us_powerball,2012-07-28,1669,5,6,13,36,50,13
us_powerball,2012-07-25,1670,3,14,35,38,46,16
us_powerball,2012-07-21,1671,9,31,38,54,56,20
us_powerball,2012-07-18,1672,2,5,20,23,57,3
us_powerball,2012-07-14,1673,4,16,32,37,46,13
us_powerball,2012-07-11,1674,5,22,36,49,55,23
us_powerball,2012-07-07,1675,3,5,29,39,59,29
us_powerball,2012-07-04,1676,14,19,35,39,56,33
us_powerball,2012-06-30,1677,7,15,20,41,44,22
us_powerball,2012-06-27,1678,6,34,40,46,58,6
us_powerball,2012-06-23,1679,1,3,41,44,53,30
us_powerball,2012-06-20,1680,11,17,29,56,57,14
us_powerball,2012-06-16,1681,8,14,15,16,27,26
us_powerball,2012-06-13,1682,7,10,14,33,57,18
us_powerball,2012-06-09,1683,18,22,45,56,57,27
us_powerball,2012-06-06,1684,19,30,33,48,59,27
us_powerball,2012-06-02,1685,9,10,17,29,45,33
us_powerball,2012-05-30,1686,9,10,24,52,56,14
us_powerball,2012-05-26,1687,13,14,41,49,59,14
us_powerball,2012-05-23,1688,4,7,26,53,59,32
us_powerball,2012-05-19,1689,8,13,35,46,51,30
us_powerball,2012-05-16,1690,3,7,21,28,43,2
us_powerball,2012-05-12,1691,10,24,35,53,58,22
us_powerball,2012-05-09,1692,1,7,11,55,56,1
us_powerball,2012-05-05,1693,9,12,20,44,59,23
us_powerball,2012-05-02,1694,7,8,33,38,50,29
us_powerball,2012-04-28,1695,31,39,40,57,58,33
us_powerball,2012-04-25,1696,4,25,29,34,43,29
us_powerball,2012-04-21,1697,6,8,20,42,51,16
us_powerball,2012-04-18,1698,20,22,39,46,49,29
us_powerball,2012-04-14,1699,14,15,16,19,24,2
us_powerball,2012-04-11,1700,16,23,42,44,47,2
us_powerball,2012-04-07,1701,5,13,17,20,30,18
us_powerball,2012-04-04,1702,1,24,33,45,49,6
us_powerball,2012-03-31,1703,5,14,36,54,58,27
us_powerball,2012-03-28,1704,11,16,29,50,58,33
us_powerball,2012-03-24,1705,1,15,35,37,47,8
us_powerball,2012-03-21,1706,32,43,53,55,56,6
us_powerball,2012-03-17,1707,11,14,49,55,58,30
us_powerball,2012-03-14,1708,1,8,41,46,59,24
us_powerball,2012-03-10,1709,5,14,17,20,41,5
us_powerball,2012-03-07,1710,12,35,45,46,47,12
us_powerball,2012-03-03,1711,29,30,45,47,49,35
us_powerball,2012-02-29,1712,1,4,11,23,26,14
us_powerball,2012-02-25,1713,6,11,42,53,54,7
us_powerball,2012-02-22,1714,7,16,17,39,51,32
us_powerball,2012-02-18,1715,23,28,50,56,59,5
us_powerball,2012-02-15,1716,11,12,32,52,56,11
us_powerball,2012-02-11,1717,1,10,37,52,57,11
us_powerball,2012-02-08,1718,17,28,38,39,51,33
us_powerball,2012-02-04,1719,15,23,43,45,56,7
us_powerball,2012-02-01,1720,8,13,17,34,59,35
us_powerball,2012-01-28,1721,5,33,41,54,59,13
us_powerball,2012-01-25,1722,4,19,28,29,47,5
us_powerball,2012-01-21,1723,12,24,43,44,45,7
us_powerball,2012-01-18,1724,6,29,34,44,50,28
us_powerball,2012-01-14,1725,10,30,36,38,41,1
us_powerball,2012-01-11,1726,5,19,29,45,47,25
us_powerball,2012-01-07,1727,3,21,24,38,39,24
us_powerball,2012-01-04,1728,21,35,46,47,50,2
us_powerball,2011-12-31,1729,5,23,25,28,40,34
us_powerball,2011-12-28,1730,16,21,27,41,45,14
us_powerball,2011-12-24,1731,14,16,30,51,52,19
us_powerball,2011-12-21,1732,10,13,15,31,54,18
us_powerball,2011-12-17,1733,13,28,49,51,59,33
us_powerball,2011-12-14,1734,2,24,46,52,56,19
us_powerball,2011-12-10,1735,4,19,33,41,59,9
us_powerball,2011-12-07,1736,3,14,20,39,40,37
us_powerball,2011-12-03,1737,5,18,33,43,45,8
us_powerball,2011-11-30,1738,2,6,34,35,47,22
us_powerball,2011-11-26,1739,20,37,39,45,55,28
us_powerball,2011-11-23,1740,4,30,35,57,59,25
us_powerball,2011-11-19,1741,9,16,17,28,30,11
us_powerball,2011-11-16,1742,13,22,25,39,51,28
us_powerball,2011-11-12,1743,4,35,36,51,56,8
us_powerball,2011-11-09,1744,5,35,57,58,59,12
us_powerball,2011-11-05,1745,2,33,39,40,43,26
us_powerball,2011-11-02,1746,12,14,34,39,46,36
us_powerball,2011-10-29,1747,11,16,40,51,56,38
us_powerball,2011-10-26,1748,1,18,21,39,55,6
us_powerball,2011-10-22,1749,3,8,23,30,58,13
us_powerball,2011-10-19,1750,16,26,35,52,58,2
us_powerball,2011-10-15,1751,5,10,24,38,43,1
us_powerball,2011-10-12,1752,10,12,23,43,47,18
us_powerball,2011-10-08,1753,3,27,35,37,45,31
us_powerball,2011-10-05,1754,7,20,43,46,54,17
us_powerball,2011-10-01,1755,1,12,23,27,43,31
us_powerball,2011-09-28,1756,30,41,50,51,53,8
us_powerball,2011-09-24,1757,3,4,12,27,44,26
us_powerball,2011-09-21,1758,12,47,48,52,55,13
us_powerball,2011-09-17,1759,6,20,22,32,43,11
us_powerball,2011-09-14,1760,16,41,42,50,59,5
us_powerball,2011-09-10,1761,4,19,22,32,53,24
us_powerball,2011-09-07,1762,3,5,18,27,54,13
us_powerball,2011-09-03,1763,15,25,52,53,54,2
us_powerball,2011-08-31,1764,13,19,35,47,57,29
us_powerball,2011-08-27,1765,2,12,25,54,58,14
us_powerball,2011-08-24,1766,9,13,47,49,53,39
us_powerball,2011-08-20,1767,2,17,23,28,47,36
us_powerball,2011-08-17,1768,18,28,31,48,52,37
us_powerball,2011-08-13,1769,9,12,35,50,58,4
us_powerball,2011-08-10,1770,11,18,36,41,46,38
us_powerball,2011-08-06,1771,25,30,54,57,59,6
us_powerball,2011-08-03,1772,13,19,21,28,49,11
us_powerball,2011-07-30,1773,20,40,41,47,55,19
us_powerball,2011-07-27,1774,38,40,41,51,59,33
us_powerball,2011-07-23,1775,1,7,27,38,48,30
us_powerball,2011-07-20,1776,1,4,38,40,42,17
us_powerball,2011-07-16,1777,24,28,48,50,54,25
us_powerball,2011-07-13,1778,8,18,19,32,54,8
us_powerball,2011-07-09,1779,1,9,11,23,31,6
us_powerball,2011-07-06,1780,11,15,24,50,55,8
us_powerball,2011-07-02,1781,1,11,18,29,51,32
us_powerball,2011-06-29,1782,24,30,45,57,59,26
us_powerball,2011-06-25,1783,18,36,39,41,57,12
us_powerball,2011-06-22,1784,12,15,19,46,59,12
us_powerball,2011-06-18,1785,12,21,22,38,41,18
us_powerball,2011-06-15,1786,19,20,38,41,43,29
us_powerball,2011-06-11,1787,16,18,27,36,50,8
us_powerball,2011-06-08,1788,14,37,44,45,53,29
us_powerball,2011-06-04,1789,17,19,39,41,58,21
us_powerball,2011-06-01,1790,8,18,38,46,56,31
us_powerball,2011-05-28,1791,12,20,43,51,55,11
us_powerball,2011-05-25,1792,4,23,31,42,50,23
us_powerball,2011-05-21,1793,2,8,40,49,50,36
us_powerball,2011-05-18,1794,7,12,13,42,49,16
us_powerball,2011-05-14,1795,8,17,18,40,44,16
us_powerball,2011-05-11,1796,9,17,32,43,45,31
us_powerball,2011-05-07,1797,2,11,27,47,55,15
us_powerball,2011-05-04,1798,3,15,27,29,41,24
us_powerball,2011-04-30,1799,6,13,15,32,41,3
us_powerball,2011-04-27,1800,4,24,40,44,55,5
us_powerball,2011-04-23,1801,3,11,47,48,58,19
us_powerball,2011-04-20,1802,9,24,34,36,43,27
us_powerball,2011-04-16,1803,21,33,44,45,55,7
us_powerball,2011-04-13,1804,4,23,39,49,50,39
us_powerball,2011-04-09,1805,5,14,32,53,56,11
us_powerball,2011-04-06,1806,10,18,41,55,56,15
us_powerball,2011-04-02,1807,6,22,34,43,45,23
us_powerball,2011-03-30,1808,19,20,42,56,58,37
us_powerball,2011-03-26,1809,4,10,11,19,33,27
us_powerball,2011-03-23,1810,5,15,26,28,32,9
us_powerball,2011-03-19,1811,3,11,20,27,46,8
us_powerball,2011-03-16,1812,28,39,40,48,53,9
us_powerball,2011-03-12,1813,1,4,12,41,47,3
us_powerball,2011-03-09,1814,12,20,28,40,48,8
us_powerball,2011-03-05,1815,2,23,31,42,48,21
us_powerball,2011-03-02,1816,7,31,50,51,58,6
us_powerball,2011-02-26,1817,4,13,17,21,45,10
us_powerball,2011-02-23,1818,29,32,36,39,49,29
us_powerball,2011-02-19,1819,3,12,34,37,42,36
us_powerball,2011-02-16,1820,9,13,21,23,48,24
us_powerball,2011-02-12,1821,11,32,36,48,52,19
us_powerball,2011-02-09,1822,7,11,39,42,51,30
us_powerball,2011-02-05,1823,15,37,41,56,59,5
us_powerball,2011-02-02,1824,3,14,33,53,57,36
us_powerball,2011-01-29,1825,24,28,45,49,52,2
us_powerball,2011-01-26,1826,4,5,36,47,58,6
us_powerball,2011-01-22,1827,30,31,34,45,51,23
us_powerball,2011-01-19,1828,22,36,51,56,59,32
us_powerball,2011-01-15,1829,9,13,22,23,37,31
us_powerball,2011-01-12,1830,19,21,23,40,48,27
us_powerball,2011-01-08,1831,6,7,26,33,52,24
us_powerball,2011-01-05,1832,22,26,32,38,40,7
us_powerball,2011-01-01,1833,18,22,37,47,54,36
us_powerball,2010-12-29,1834,3,16,18,20,37,30
us_powerball,2010-12-25,1835,1,17,38,50,52,24
us_powerball,2010-12-22,1836,11,33,44,46,47,12
us_powerball,2010-12-18,1837,4,11,19,33,43,14
us_powerball,2010-12-15,1838,10,11,18,32,45,18
us_powerball,2010-12-11,1839,1,8,10,19,20,23
us_powerball,2010-12-08,1840,8,11,25,41,58,16
us_powerball,2010-12-04,1841,13,24,27,31,42,22
us_powerball,2010-12-01,1842,5,10,11,12,20,2
us_powerball,2010-11-27,1843,10,30,37,47,54,39
us_powerball,2010-11-24,1844,8,20,21,32,37,4
us_powerball,2010-11-20,1845,10,12,38,53,57,1
us_powerball,2010-11-17,1846,14,16,53,54,59,5
us_powerball,2010-11-13,1847,17,30,48,51,54,29
us_powerball,2010-11-10,1848,5,8,11,40,44,10
us_powerball,2010-11-06,1849,7,12,23,34,38,33
us_powerball,2010-11-03,1850,34,38,39,45,50,33
us_powerball,2010-10-30,1851,1,7,27,36,49,39
us_powerball,2010-10-27,1852,20,24,25,53,59,15
us_powerball,2010-10-23,1853,2,7,16,20,46,34
us_powerball,2010-10-20,1854,7,17,20,39,59,17
us_powerball,2010-10-16,1855,11,12,15,16,28,11
us_powerball,2010-10-13,1856,12,22,32,34,46,2
us_powerball,2010-10-09,1857,2,6,32,42,49,35
us_powerball,2010-10-06,1858,14,26,37,41,46,24
us_powerball,2010-10-02,1859,12,20,30,36,47,25
us_powerball,2010-09-29,1860,13,44,51,52,55,30
us_powerball,2010-09-25,1861,8,16,27,35,42,30
us_powerball,2010-09-22,1862,10,24,36,52,55,15
us_powerball,2010-09-18,1863,1,18,37,39,44,13
us_powerball,2010-09-15,1864,7,20,21,34,43,34
us_powerball,2010-09-11,1865,7,17,20,36,59,33
us_powerball,2010-09-08,1866,10,35,39,51,57,20
us_powerball,2010-09-04,1867,11,14,22,33,42,38
us_powerball,2010-09-01,1868,17,20,21,40,51,19
us_powerball,2010-08-28,1869,4,22,27,32,56,13
us_powerball,2010-08-25,1870,16,17,29,31,36,23
us_powerball,2010-08-21,1871,7,10,12,22,27,26
us_powerball,2010-08-18,1872,4,32,33,47,55,39
us_powerball,2010-08-14,1873,9,33,36,50,58,31
us_powerball,2010-08-11,1874,7,10,22,23,52,29
us_powerball,2010-08-07,1875,4,22,26,31,52,30
us_powerball,2010-08-04,1876,19,28,30,37,53,36
us_powerball,2010-07-31,1877,1,16,17,41,57,15
us_powerball,2010-07-28,1878,1,11,20,25,27,2
us_powerball,2010-07-24,1879,20,30,38,46,59,27
us_powerball,2010-07-21,1880,16,22,30,51,58,25
us_powerball,2010-07-17,1881,22,27,35,37,45,3
us_powerball,2010-07-14,1882,20,21,23,38,42,6
us_powerball,2010-07-10,1883,20,21,27,28,56,4
us_powerball,2010-07-07,1884,10,41,44,48,56,4
us_powerball,2010-07-03,1885,3,10,14,52,53,3
us_powerball,2010-06-30,1886,6,38,43,47,48,27
us_powerball,2010-06-26,1887,13,30,32,38,57,25
us_powerball,2010-06-23,1888,11,30,45,47,48,10
us_powerball,2010-06-19,1889,9,30,31,50,54,39
us_powerball,2010-06-16,1890,8,11,18,29,36,6
us_powerball,2010-06-12,1891,9,12,13,35,38,30
us_powerball,2010-06-09,1892,14,22,27,32,49,5
us_powerball,2010-06-05,1893,18,34,40,48,59,25
us_powerball,2010-06-02,1894,4,9,14,39,43,38
us_powerball,2010-05-29,1895,1,3,24,28,41,10
us_powerball,2010-05-26,1896,1,6,10,13,20,32
us_powerball,2010-05-22,1897,19,20,40,47,57,29
us_powerball,2010-05-19,1898,2,7,29,55,58,27
us_powerball,2010-05-15,1899,15,21,23,28,36,20
us_powerball,2010-05-12,1900,37,51,52,53,58,38
us_powerball,2010-05-08,1901,5,22,34,41,57,31
us_powerball,2010-05-05,1902,13,34,40,47,57,11
us_powerball,2010-05-01,1903,16,23,25,49,58,20
us_powerball,2010-04-28,1904,12,22,25,28,44,24
us_powerball,2010-04-24,1905,1,12,53,56,57,5
us_powerball,2010-04-21,1906,11,34,41,49,55,20
us_powerball,2010-04-17,1907,5,21,22,41,49,15
us_powerball,2010-04-14,1908,6,14,32,38,52,20
us_powerball,2010-04-10,1909,21,22,49,52,58,34
us_powerball,2010-04-07,1910,4,36,40,44,52,33
us_powerball,2010-04-03,1911,10,15,31,52,59,4
us_powerball,2010-03-31,1912,5,13,17,45,54,12
us_powerball,2010-03-27,1913,7,21,32,44,52,10
us_powerball,2010-03-24,1914,14,20,24,39,49,7
us_powerball,2010-03-20,1915,9,36,39,44,45,9
us_powerball,2010-03-17,1916,24,26,45,48,55,8
us_powerball,2010-03-13,1917,6,16,20,31,36,8
us_powerball,2010-03-10,1918,17,21,37,41,50,1
us_powerball,2010-03-06,1919,10,29,33,41,59,15
us_powerball,2010-03-03,1920,7,9,14,45,49,23
us_powerball,2010-02-27,1921,18,47,51,53,58,30
us_powerball,2010-02-24,1922,4,17,35,50,57,12
us_powerball,2010-02-20,1923,13,27,37,41,54,32
us_powerball,2010-02-17,1924,7,8,19,26,36,15
us_powerball,2010-02-13,1925,10,14,30,40,51,1
us_powerball,2010-02-10,1926,5,8,29,37,38,34
us_powerball,2010-02-06,1927,14,22,52,54,59,4
us_powerball,2010-02-03,1928,17,22,36,37,52,24
